,0,1,2,3,4,5,6,7,8,9,10,11,12,13,14,15,16,17,18,19,20,21,22,23,24,25,26,27,28,29,30,31,32,33,34,35,36,37,38,39,40,41,42,43,44,45,46,47,48,49,50,51,52,53,54,55,56,57,58,59,60,61,62,63,64,65,66,67,68,69,70,71,72,73,74,75,76,77,78,79,80,81,82,83,84,85,86,87,88,89,90,91,92,93,94,95,96,97,98,99,100,101,102,103,104,105,106,107,108,109,110,111,112,113,114,115,116,117,118,119,120
Bagging_DecisionStump_weka,62.7,83.0,84.5,49.3,78.8,34.9,41.7,80.6,69.9,77.0,82.9,82.5,93.1,46.7,74.5,67.1,77.3,77.0,4.3,56.7,66.8,71.3,35.0,43.3,91.5,55.0,42.7,66.2,71.1,66.6,73.4,93.1,51.4,67.4,70.4,77.6,55.0,77.4,50.2,75.3,78.9,73.8,57.4,80.6,49.3,66.4,86.7,39.4,42.4,85.4,19.6,88.4,19.4,8.3,85.5,71.6,88.0,5.1,73.0,81.2,81.8,66.0,50.0,27.8,72.6,68.4,40.7,67.3,79.7,97.1,91.6,35.7,57.1,51.4,78.5,77.9,26.3,54.4,82.0,21.1,31.1,72.6,19.0,69.9,62.5,44.8,27.0,82.7,63.2,44.3,50.1,61.1,74.8,26.7,86.2,3.1,52.7,76.3,64.5,50.0,76.2,21.0,71.4,54.5,76.2,90.9,70.1,58.3,44.0,71.1,53.5,94.7,85.0,41.9,70.0,70.0,67.1,72.0,57.7,60.3,61.9
Bagging_HyperPipes_weka,66.2,76.0,86.6,52.6,78.1,37.3,58.0,87.5,92.0,30.5,35.8,51.6,92.3,55.1,33.9,67.1,79.2,68.7,60.9,39.4,66.2,72.2,45.3,65.0,93.3,59.8,42.8,62.4,60.6,66.6,53.2,94.2,49.5,50.8,84.7,67.6,62.1,75.1,96.4,75.3,69.0,72.2,53.6,78.7,80.4,7.8,87.5,44.4,61.8,79.3,48.3,88.5,10.2,27.3,45.5,74.5,86.0,33.1,70.2,51.0,56.9,66.0,90.0,25.4,68.0,49.5,36.2,36.0,91.5,97.1,85.8,9.7,53.6,43.6,70.7,64.7,13.8,55.7,76.9,55.2,58.2,92.6,9.9,34.6,62.5,12.1,25.0,84.5,79.6,45.0,94.3,60.9,64.0,13.1,86.2,78.3,47.2,76.8,78.2,43.7,76.2,34.7,67.0,24.4,75.7,91.9,69.2,41.6,0.0,70.0,53.5,92.7,62.7,29.5,69.6,73.7,53.9,66.9,61.8,95.0,36.9
Bagging_J48_weka,93.8,87.0,97.4,77.2,90.5,39.0,88.9,90.9,99.5,92.9,89.4,100.0,97.2,69.6,72.6,60.4,83.0,82.5,68.2,63.6,77.7,69.6,63.9,72.6,95.2,65.7,53.4,99.4,93.9,83.3,90.4,95.9,52.4,79.8,90.9,78.6,74.7,80.6,97.5,86.2,79.5,73.2,81.7,79.3,97.3,82.5,96.8,72.4,86.4,83.9,81.3,89.4,76.7,92.0,86.8,86.7,88.0,56.5,70.9,96.3,82.9,99.2,50.0,43.9,86.8,94.5,59.1,61.8,92.1,97.0,100.0,71.8,81.8,49.5,93.8,70.5,80.8,55.7,89.2,71.9,90.4,95.3,81.7,97.5,59.3,64.1,38.0,93.5,87.0,53.6,93.1,60.9,79.6,17.0,86.2,68.4,52.7,83.8,82.1,56.2,76.4,92.8,65.3,65.1,77.2,91.9,77.8,72.2,0.0,67.7,78.5,93.0,100.0,34.2,76.0,96.7,74.0,76.3,77.9,92.0,58.6
Bagging_LWL_weka,93.4,95.0,96.6,75.7,89.1,35.7,88.1,90.2,99.3,92.8,90.3,98.3,97.0,68.6,74.5,66.2,81.1,84.8,64.9,63.6,79.7,69.2,64.4,66.9,95.0,55.0,55.6,99.2,93.5,66.6,90.3,95.1,56.2,79.3,90.4,78.1,72.7,82.5,96.4,85.0,80.9,73.8,81.7,82.5,96.3,84.3,99.9,72.3,84.8,85.4,79.0,89.7,90.3,89.1,86.2,82.1,88.0,53.0,73.0,95.0,82.1,99.1,60.0,46.0,86.9,93.4,59.9,66.2,93.8,97.1,99.1,71.4,81.7,56.3,93.5,85.2,83.5,57.0,83.5,65.5,87.4,95.3,77.2,97.2,62.5,61.2,35.0,93.2,86.0,51.6,92.0,59.7,79.2,18.9,86.2,64.6,52.7,76.3,78.2,56.2,76.7,91.8,69.2,63.6,75.7,91.9,74.0,61.1,92.0,70.0,75.0,98.9,100.0,33.3,74.9,96.2,73.2,75.0,79.0,92.0,60.8
Bagging_MultilayerPerceptron_weka,38.5,48.0,26.5,43.4,76.7,39.8,21.1,68.6,43.1,60.9,64.1,100.0,89.7,34.1,74.5,67.1,50.0,32.2,37.1,54.6,74.3,29.5,34.0,16.9,62.7,55.0,42.4,81.4,49.9,91.6,83.2,65.5,53.4,67.0,36.1,67.6,54.2,32.2,56.0,31.5,68.3,73.5,54.6,79.3,14.2,83.0,79.1,35.4,18.0,67.1,51.2,88.4,42.7,4.4,85.0,43.4,88.0,1.1,70.2,80.7,59.2,84.0,70.0,36.6,64.8,50.4,31.1,58.5,39.8,97.1,100.0,26.0,67.7,51.4,59.7,66.1,53.1,49.5,75.3,7.2,11.6,33.3,16.4,65.3,46.8,44.9,33.0,77.8,51.9,36.4,16.6,62.2,59.2,14.2,86.2,5.0,52.7,76.3,54.1,56.2,76.2,53.0,69.2,50.2,76.2,91.4,46.6,50.0,48.0,64.4,50.0,5.1,59.8,41.9,67.4,76.1,62.5,65.1,42.2,46.5,52.1
Bagging_NaiveBayes_weka,92.1,84.0,83.5,60.3,76.7,39.0,79.5,84.8,52.8,28.4,82.0,100.0,88.5,47.6,75.4,67.1,86.7,78.0,73.2,57.8,83.7,56.4,48.4,66.0,93.3,55.0,48.8,89.7,97.7,54.1,83.3,95.8,49.3,59.0,90.0,75.7,62.3,83.8,96.9,70.7,82.9,74.8,80.2,81.2,80.3,89.6,90.8,46.8,70.6,80.9,86.1,83.8,89.3,64.2,77.3,76.2,87.0,54.6,72.3,82.0,78.7,85.6,50.0,46.3,72.5,98.6,57.0,54.9,96.6,72.7,94.1,71.4,81.0,50.4,79.9,73.5,87.2,58.0,70.7,62.5,76.8,95.3,30.7,70.4,59.3,44.3,32.5,81.7,79.8,54.9,94.6,57.2,83.7,14.8,86.2,82.5,60.1,80.8,85.4,43.7,74.8,81.3,63.7,53.7,72.2,91.9,71.1,59.0,36.0,63.3,64.2,95.0,88.8,35.2,75.9,83.3,67.9,75.9,52.1,96.0,60.8
Bagging_OneR_weka,67.3,83.0,90.2,50.9,82.0,34.9,57.3,83.4,75.6,82.1,84.0,84.1,93.8,58.8,74.5,67.1,85.8,75.1,6.1,55.9,77.0,69.6,56.7,56.6,90.6,55.0,45.7,70.9,71.2,62.5,88.6,93.9,50.8,66.7,82.3,77.6,55.5,71.2,51.3,75.3,78.9,70.9,53.5,78.0,66.0,69.1,94.6,51.6,46.5,85.4,28.4,88.2,23.7,17.6,85.5,69.5,88.0,11.0,72.0,83.7,81.8,72.3,50.0,28.4,70.9,67.8,39.8,64.6,76.9,97.1,91.6,23.4,55.5,53.3,78.6,76.4,31.6,55.7,86.6,23.3,38.5,94.0,24.7,69.9,46.8,45.4,30.5,82.0,74.7,43.7,62.0,62.9,74.4,14.1,85.2,7.8,52.7,80.3,64.5,56.2,75.9,33.2,69.2,53.2,75.7,91.9,68.7,58.3,44.0,70.0,78.5,95.7,98.5,36.1,70.2,70.0,66.4,70.9,59.3,71.2,55.4
Bagging_PART_weka,94.7,82.0,97.8,76.9,91.9,36.5,88.9,91.1,99.6,93.8,91.7,100.0,97.4,70.5,72.6,61.8,85.8,81.9,70.4,63.9,81.7,69.9,64.4,70.7,95.6,68.4,51.9,99.7,96.8,87.5,91.6,96.1,51.9,78.7,90.4,78.9,73.4,82.2,96.7,88.9,80.9,76.1,83.0,76.1,97.4,85.4,96.6,74.1,86.6,84.7,87.8,89.5,84.9,93.4,86.9,88.4,85.0,53.6,69.5,96.7,82.8,99.4,50.0,43.0,87.4,97.0,59.7,60.8,93.2,97.0,100.0,70.5,83.4,48.5,94.7,72.0,70.7,54.7,92.8,74.4,88.9,95.3,82.0,98.0,56.2,64.8,33.5,94.5,86.8,54.9,94.5,60.6,80.7,21.6,86.2,69.1,54.3,84.9,82.4,56.2,77.4,94.5,66.4,65.4,76.2,91.9,76.4,72.2,0.0,58.8,82.1,92.7,100.0,35.2,75.6,97.9,75.3,75.5,79.3,95.0,56.5
Bagging_RandomTree_weka,90.7,94.0,97.4,76.0,90.6,37.3,89.9,90.8,99.3,92.8,91.7,100.0,97.1,74.2,59.4,66.2,79.2,83.5,66.4,62.1,82.4,69.9,65.4,70.7,95.4,58.2,51.1,99.6,94.1,70.8,92.7,95.7,56.1,79.0,90.9,79.0,68.5,80.9,96.7,85.7,78.9,67.3,82.4,81.2,97.5,82.0,99.9,73.1,86.1,84.7,88.3,89.2,94.5,93.8,85.0,89.7,87.0,56.3,68.1,97.0,78.6,98.7,60.0,41.2,86.8,94.5,57.2,63.1,95.5,97.0,100.0,70.3,82.0,54.3,94.7,82.3,89.6,55.7,90.7,72.2,95.6,94.6,80.1,96.6,50.0,66.2,32.5,94.2,89.6,54.9,97.0,59.3,78.1,11.8,83.3,67.5,52.7,84.4,82.1,56.2,71.9,95.3,69.2,65.7,78.7,91.9,80.2,61.1,88.0,57.7,89.2,98.7,100.0,33.3,75.3,97.3,75.3,73.8,79.8,97.0,55.4
DecisionStump_weka,63.3,83.0,84.5,49.4,78.5,35.7,41.7,79.6,69.9,76.5,80.0,82.5,93.1,44.8,74.5,67.1,76.4,77.7,1.9,56.6,68.2,71.3,35.0,40.5,89.8,55.0,42.7,66.2,67.0,66.6,73.1,91.1,50.8,67.7,64.7,77.6,55.9,77.7,49.7,75.3,78.9,73.2,56.9,72.9,28.5,59.3,86.7,39.9,42.4,85.4,19.7,88.4,19.3,7.0,85.5,71.6,88.0,2.0,72.0,81.2,81.8,66.0,60.0,27.8,71.8,61.6,40.7,66.8,62.9,97.1,91.6,19.9,56.5,51.4,78.5,77.9,26.5,53.4,83.5,12.7,17.3,66.6,19.0,69.9,53.1,44.8,28.0,77.8,62.9,39.7,33.1,61.3,68.5,14.2,86.2,2.0,52.7,76.3,64.5,43.7,76.2,20.6,71.4,54.8,76.2,90.9,72.5,58.3,44.0,71.1,53.5,94.7,85.0,39.0,70.0,70.0,67.1,71.7,57.7,60.3,61.9
MultiBoostAB_IBk_weka,63.3,83.0,84.5,49.4,79.1,35.7,41.7,81.6,69.9,86.6,84.9,100.0,93.1,44.8,74.5,67.1,83.0,77.0,1.9,57.4,66.2,71.3,35.0,40.5,93.4,55.0,42.7,66.2,79.5,70.8,73.6,94.5,50.8,68.5,89.0,77.6,56.6,77.7,49.7,75.3,80.2,74.5,58.3,78.0,28.5,73.4,93.9,39.9,42.4,85.4,19.7,88.4,19.3,7.0,85.5,72.4,88.0,2.0,72.7,81.2,81.8,66.0,50.0,27.8,73.4,65.2,40.7,66.2,87.6,97.1,100.0,19.9,61.4,51.4,84.9,82.3,26.5,53.4,83.5,12.7,17.3,94.0,19.0,67.9,53.1,44.8,28.0,77.8,62.7,39.7,33.1,61.3,75.9,14.2,86.2,2.0,52.7,79.3,64.5,43.7,76.2,20.6,70.3,54.8,75.7,91.9,73.5,58.3,44.0,70.0,53.5,94.7,93.5,39.0,70.4,70.0,68.7,72.7,57.7,60.3,61.9
MultiBoostAB_Logistic_weka,83.2,81.0,94.8,71.0,91.7,39.0,84.2,91.6,70.1,87.6,84.9,100.0,96.3,60.2,70.7,67.1,79.2,84.5,76.1,65.4,79.7,72.5,37.6,68.8,94.7,58.8,51.3,90.4,97.7,79.1,88.9,96.2,65.8,81.4,94.7,77.6,57.3,85.1,97.5,75.4,80.6,75.4,86.6,83.8,95.3,89.4,96.6,79.9,82.4,83.2,70.3,89.5,91.3,77.3,85.9,84.0,83.0,51.9,72.3,88.0,82.5,97.4,80.0,38.1,79.1,76.4,58.9,64.0,96.6,95.5,100.0,72.9,87.0,53.3,92.1,88.2,87.2,56.4,85.1,66.9,80.9,94.6,27.9,98.3,40.6,53.7,31.5,88.9,79.4,52.9,81.5,59.3,83.3,22.9,85.2,73.4,53.4,84.3,83.9,62.5,77.9,90.2,67.0,59.1,75.7,88.2,70.6,58.7,64.0,57.7,53.5,96.4,95.2,38.0,76.4,83.2,72.2,77.2,80.0,96.0,58.6
MultiBoostAB_MultilayerPerceptron_weka,84.3,94.0,99.7,73.7,94.6,39.8,89.6,92.3,91.4,85.7,90.5,100.0,96.0,69.6,72.6,66.4,74.5,84.1,81.6,65.0,81.7,69.8,47.9,65.0,97.7,62.5,54.6,96.8,97.0,83.3,90.7,96.4,56.9,81.6,94.7,77.9,69.4,85.4,98.0,84.7,80.6,72.5,85.1,84.5,95.7,91.3,99.7,82.0,83.9,78.6,93.4,88.7,96.7,87.8,85.9,92.8,85.0,64.4,68.5,94.1,81.9,99.2,80.0,46.0,86.0,96.0,58.5,60.2,96.6,96.2,100.0,71.9,84.9,50.4,92.1,80.8,86.9,54.1,90.7,80.5,98.0,95.3,45.9,98.4,53.1,55.5,30.0,92.3,91.9,53.6,99.1,56.5,81.4,22.4,85.2,82.2,54.8,85.1,85.7,68.7,77.5,95.9,61.5,60.4,73.7,90.9,83.6,70.3,68.0,55.5,57.1,96.0,100.0,36.1,75.9,97.1,74.6,75.5,82.6,96.0,55.4
MultiBoostAB_NaiveBayes_weka,92.3,85.0,84.2,60.6,76.4,31.7,79.4,85.0,53.1,28.4,90.3,98.3,90.0,51.4,74.5,67.1,86.7,79.6,72.8,57.8,85.1,55.5,45.8,66.0,94.5,55.0,48.8,90.1,97.8,62.5,83.5,96.1,49.3,63.3,90.4,75.8,62.8,82.2,97.5,71.8,82.6,75.1,80.2,83.8,80.3,90.4,92.4,45.9,71.0,79.3,87.4,87.4,89.5,64.5,78.4,76.8,88.0,52.3,72.7,82.4,79.1,88.0,60.0,43.9,77.6,98.6,57.0,53.1,96.6,75.6,95.0,71.3,80.8,51.4,79.7,70.5,87.5,57.0,69.2,64.1,80.9,95.3,30.7,74.2,53.1,44.4,33.0,82.7,81.7,52.9,96.3,60.2,84.4,14.8,86.2,82.3,66.6,81.0,83.0,56.2,76.0,81.2,63.1,52.9,71.7,91.9,74.5,59.7,80.0,58.8,78.5,95.2,88.8,33.3,76.7,87.5,69.5,75.5,53.3,96.0,61.9
MultiBoostAB_OneR_weka,77.6,83.0,91.5,50.5,81.3,37.3,60.5,83.8,78.8,84.0,87.1,100.0,94.3,56.5,74.5,64.8,88.6,75.4,3.8,55.5,77.0,69.8,57.7,54.7,91.9,55.0,43.3,70.9,74.5,66.6,88.9,95.5,51.1,63.6,85.2,77.6,55.3,71.2,48.6,75.3,80.6,73.8,62.8,82.5,72.4,74.0,94.6,53.0,46.7,80.9,19.2,87.5,24.9,17.2,85.5,68.4,87.0,7.5,69.5,84.2,81.9,86.7,50.0,29.3,74.4,73.0,36.1,64.6,81.4,97.0,99.1,19.3,62.6,55.3,80.1,72.0,24.7,50.8,84.6,20.2,32.0,94.6,24.7,69.6,50.0,44.8,28.0,83.3,73.8,39.0,60.5,61.8,71.1,14.1,81.3,4.5,52.7,74.7,65.1,50.0,75.5,37.2,59.3,51.3,68.6,91.9,68.7,58.3,44.0,62.2,75.0,95.7,98.5,33.3,69.3,70.0,66.4,69.6,58.6,71.2,48.9
MultiBoostAB_PART_weka,94.5,80.0,98.1,77.2,92.6,33.3,88.8,91.3,99.8,93.2,91.4,100.0,97.4,73.8,74.5,60.8,85.8,81.9,71.1,62.6,79.7,71.6,67.5,68.8,95.7,65.7,52.0,99.7,96.3,83.3,92.7,95.4,49.3,79.6,92.3,78.8,75.0,83.2,95.6,88.3,82.6,74.1,83.7,81.9,97.7,86.0,96.6,75.0,86.1,85.4,88.0,89.0,87.3,94.2,85.7,90.1,85.0,55.8,72.0,97.3,83.2,99.4,60.0,44.2,87.0,96.8,59.7,61.0,96.6,97.0,100.0,71.4,83.2,48.5,95.0,79.4,78.7,56.1,90.7,71.1,90.9,94.0,82.5,98.0,46.8,64.5,35.5,94.2,88.3,52.9,96.0,60.0,77.7,12.3,86.2,68.2,56.9,84.1,83.9,56.2,77.1,95.5,69.2,65.3,73.2,91.9,81.2,72.2,0.0,54.4,85.7,95.3,100.0,41.9,74.2,98.4,78.1,75.1,78.8,95.0,61.9
MultiBoostAB_RandomTree_weka,90.3,95.0,97.4,77.1,89.2,32.5,89.5,90.9,99.3,92.6,91.7,98.3,97.3,71.9,62.2,65.2,78.3,84.5,68.1,62.3,81.0,69.4,62.8,68.8,96.1,51.3,50.5,99.4,94.2,75.0,93.4,95.8,53.1,78.2,89.5,78.8,64.8,83.5,96.7,85.0,76.8,67.9,81.3,81.9,97.7,80.8,99.9,74.2,86.8,84.7,85.9,89.1,94.9,94.2,86.9,86.9,84.0,56.6,68.1,96.3,77.7,98.5,60.0,41.2,86.7,95.3,56.8,64.4,89.3,97.0,100.0,69.9,81.7,49.5,94.6,73.5,87.2,55.7,91.2,73.8,94.3,94.6,80.3,96.2,43.7,66.0,29.0,93.7,87.0,58.2,96.3,58.1,77.7,14.9,82.3,65.5,53.7,84.7,83.3,68.7,73.2,94.9,62.6,63.9,76.2,91.9,77.4,61.1,88.0,60.0,89.2,98.9,100.0,31.4,74.9,97.6,75.9,74.0,75.4,95.0,58.6
MultiBoostAB_REPTree_weka,93.0,91.0,96.5,75.6,88.5,36.5,87.5,89.9,99.4,92.9,89.4,98.3,96.8,67.7,74.5,66.2,80.1,83.2,59.2,63.6,72.2,69.6,60.8,71.6,96.1,55.0,54.9,99.4,93.0,79.1,91.2,94.9,52.9,78.9,91.9,78.4,70.5,82.9,95.0,86.5,83.6,73.8,82.1,80.0,96.4,85.7,99.9,72.5,84.0,83.9,81.3,89.4,90.4,90.2,86.0,81.0,88.0,44.3,72.0,96.0,82.8,99.2,50.0,46.9,86.5,95.0,57.6,68.4,91.0,96.9,100.0,70.1,81.8,47.5,94.0,86.7,82.4,57.0,86.1,58.8,86.7,95.3,74.7,97.0,46.8,58.6,30.5,93.1,85.6,50.9,92.1,61.8,78.5,14.2,85.2,57.3,52.7,85.5,81.8,62.5,76.6,93.9,65.9,60.6,78.7,90.9,74.5,61.1,84.0,71.1,82.1,98.9,100.0,38.0,75.1,97.4,71.0,74.3,79.7,94.0,59.7
NBTree_weka,95.5,98.0,96.7,71.5,86.5,38.2,85.3,88.6,97.7,90.2,91.4,100.0,97.0,66.3,74.5,67.1,80.1,82.9,55.5,58.2,76.3,68.9,59.7,66.0,92.6,55.0,50.7,96.4,95.0,58.3,89.9,96.7,49.3,72.2,86.6,78.2,57.0,80.0,96.4,80.0,79.5,71.8,80.6,80.0,95.2,78.5,99.9,69.9,80.1,83.9,74.6,89.6,85.9,85.4,85.7,85.0,88.0,48.8,72.3,90.6,82.3,98.3,50.0,41.8,85.2,97.1,57.4,67.9,97.1,96.1,100.0,73.2,81.3,51.4,92.6,77.9,85.3,53.1,90.7,66.9,87.6,94.6,68.4,69.9,53.1,55.6,29.5,91.5,82.6,52.3,91.3,61.3,80.7,19.7,86.2,56.2,52.7,83.4,81.5,56.2,75.0,91.7,71.4,58.8,73.2,91.9,77.8,61.1,72.0,71.1,82.1,98.7,99.9,39.0,73.3,94.3,71.6,74.4,74.8,95.0,60.8
RandomTree_weka,81.0,93.0,96.1,68.4,85.7,33.3,83.9,88.2,97.4,88.3,85.7,99.1,96.2,73.3,54.7,66.2,73.5,78.3,39.7,57.4,75.0,65.6,50.0,66.0,92.9,59.3,48.2,98.0,84.8,66.6,91.6,94.8,52.9,72.2,89.0,79.0,55.7,81.2,91.2,80.2,75.5,64.3,73.0,72.9,95.6,79.3,99.9,68.4,79.0,75.5,64.4,85.9,80.0,84.8,80.0,78.7,78.0,42.3,64.3,95.9,75.2,93.5,80.0,38.4,81.4,89.6,49.7,56.8,93.2,95.3,99.1,69.5,73.1,55.3,90.4,76.4,84.8,55.4,86.6,61.6,83.3,94.6,69.0,89.8,50.0,56.3,26.5,89.9,84.3,56.2,87.3,58.1,72.2,28.6,83.3,39.3,62.0,81.5,74.4,62.5,71.5,91.2,57.6,57.7,66.6,87.7,64.4,57.4,72.0,58.8,89.2,95.6,100.0,32.3,68.2,93.6,67.9,68.6,71.0,95.0,52.1
REPTree_weka,92.1,92.0,95.2,71.7,88.1,36.5,85.1,88.5,99.3,91.1,86.8,98.3,96.4,65.8,74.5,65.2,72.6,77.7,40.3,61.8,71.6,68.4,57.7,70.7,95.2,55.0,52.5,98.4,82.6,79.1,90.7,94.5,50.9,72.3,90.9,78.6,68.8,81.2,94.5,82.8,79.5,72.8,76.3,81.2,95.9,78.4,99.9,70.5,81.6,85.4,71.3,89.5,85.2,82.9,84.6,76.2,88.0,36.0,72.0,94.5,81.9,99.0,50.0,47.2,84.7,89.2,55.7,67.3,89.3,97.1,100.0,69.9,76.8,47.5,91.9,83.8,80.8,55.4,84.1,51.1,72.5,96.6,71.1,93.4,46.8,54.5,30.5,92.4,82.6,51.6,87.0,61.6,70.7,14.2,86.2,39.7,52.7,85.6,77.3,50.0,76.0,88.1,71.4,58.2,75.7,90.9,64.4,50.0,84.0,71.1,75.0,98.9,100.0,38.0,72.1,95.0,70.1,73.5,71.7,90.0,59.7
lda_R,82.4,90.0,94.4,68.0,93.0,50.8,82.3,90.5,64.8,90.2,86.6,100.0,94.6,58.8,82.7,67.4,74.0,82.7,75.6,64.2,86.5,73.3,45.3,73.1,96.0,61.0,51.0,90.0,97.9,87.5,82.9,96.0,58.4,80.8,94.7,77.2,50.0,82.7,97.3,75.4,84.8,74.0,86.2,80.1,91.7,87.7,94.7,78.2,75.1,85.6,87.8,90.1,93.4,70.5,87.1,75.8,84.0,50.4,70.5,86.8,79.1,94.3,75.0,46.6,78.6,76.4,60.6,66.4,99.4,96.4,100.0,73.6,85.5,63.5,88.4,89.7,86.7,59.5,88.8,61.4,73.4,99.3,26.9,97.6,50.0,52.9,31.0,89.0,83.8,47.4,98.5,62.4,86.8,28.3,87.5,80.6,56.9,82.6,86.6,75.0,76.1,82.9,66.8,59.9,78.5,85.6,71.2,59.5,56.0,63.6,53.6,93.8,93.9,62.5,77.9,82.3,73.6,78.6,79.7,99.0,71.7
lda2_caret,81.6,90.0,94.3,68.9,92.0,44.7,82.3,91.3,66.2,90.2,88.3,100.0,94.6,61.7,84.8,67.4,72.6,85.2,77.1,64.4,81.7,71.5,42.7,69.9,95.8,61.0,51.5,89.6,97.8,79.5,85.7,95.6,58.4,81.7,97.1,77.6,40.3,80.6,97.8,75.4,83.0,74.5,85.9,79.3,91.6,88.0,95.2,78.7,74.6,84.0,88.1,89.9,93.4,70.3,85.9,79.0,86.0,58.5,71.3,88.4,80.0,94.1,79.2,47.8,78.3,77.0,59.2,66.1,99.4,96.5,100.0,72.6,85.9,66.0,88.7,89.7,87.0,62.4,87.7,65.6,74.5,98.6,27.6,98.3,36.3,53.0,38.5,87.7,84.8,54.3,97.5,60.5,84.1,30.3,88.3,80.9,56.9,82.6,90.9,56.2,77.0,82.9,68.7,59.3,76.2,85.6,71.6,59.5,56.0,70.0,53.6,93.8,93.3,61.1,76.5,80.8,73.2,77.5,79.6,96.1,71.5
rrlda_R,68.3,77.0,93.8,60.1,92.2,24.2,82.5,89.7,60.2,83.6,83.5,100.0,90.8,58.3,66.3,47.2,71.2,84.0,74.1,63.5,70.9,72.6,33.9,74.0,97.9,63.1,52.5,84.4,97.9,83.3,84.2,96.3,51.3,70.3,93.8,77.4,63.3,84.3,67.7,46.7,80.7,68.8,86.2,77.6,90.8,60.6,76.4,76.5,66.6,73.5,91.0,82.7,92.5,70.4,71.5,83.0,58.0,62.2,70.8,82.4,80.1,94.5,87.5,40.2,78.6,76.4,43.3,53.6,98.3,92.9,98.3,74.8,86.2,38.5,77.2,75.0,87.8,48.7,80.1,70.6,72.3,97.4,20.9,96.0,50.0,31.6,29.0,81.0,86.3,38.8,98.5,60.8,78.3,32.9,72.1,78.6,52.8,78.7,81.5,68.8,63.8,81.4,50.5,43.8,62.0,92.0,76.9,64.8,56.0,47.7,42.9,92.7,81.8,27.9,71.2,73.4,67.0,75.1,75.4,96.0,57.6
sda_caret,81.6,89.0,94.1,67.4,92.2,44.9,82.3,90.4,65.9,84.9,86.6,100.0,94.6,60.3,85.8,67.4,82.3,83.5,76.6,64.1,85.2,70.2,48.4,62.4,95.6,58.3,51.1,89.7,97.8,82.5,85.8,96.0,73.8,80.2,97.2,77.6,67.2,81.0,97.0,75.5,81.3,75.1,86.0,79.4,91.5,88.0,88.3,79.1,74.0,81.7,88.8,90.0,93.1,70.3,85.9,84.5,86.0,58.3,72.7,87.0,79.6,94.0,70.8,44.3,78.4,77.0,58.6,66.2,100.0,96.6,100.0,73.4,86.0,61.9,88.9,85.3,90.4,59.7,83.6,72.2,73.4,98.0,27.2,93.3,44.8,53.0,31.5,88.0,85.1,54.2,97.5,59.8,84.1,27.5,90.3,80.1,54.2,82.5,86.6,72.1,77.0,82.9,71.4,59.8,78.3,92.0,77.4,58.6,44.0,66.7,53.6,93.8,93.3,56.2,77.0,81.5,72.1,77.1,72.3,93.2,69.3
slda_caret,78.0,89.0,91.0,62.8,78.5,33.4,80.2,89.6,57.9,80.1,86.6,100.0,92.9,58.4,86.0,65.0,83.0,70.3,72.2,56.7,85.8,71.0,50.5,53.0,94.7,59.4,45.0,61.1,97.9,70.4,85.9,95.1,51.3,66.3,92.4,77.5,67.5,68.1,94.2,75.3,83.4,73.5,85.5,81.3,76.4,64.2,94.1,43.7,66.5,78.7,90.5,88.4,91.0,42.6,82.3,77.3,88.0,37.0,72.0,83.5,79.5,81.0,75.0,43.0,74.4,77.1,49.0,67.7,95.0,97.1,100.0,62.7,86.3,67.1,87.0,85.3,78.5,59.7,83.1,66.7,35.5,91.3,22.4,69.3,53.2,49.0,36.0,87.2,85.5,42.4,97.2,60.5,81.9,28.7,86.3,75.1,57.4,81.6,79.8,50.0,77.5,70.7,71.4,57.4,75.3,92.0,78.4,58.8,44.0,71.1,39.3,93.9,89.6,57.1,76.3,73.0,65.4,72.5,62.2,93.1,63.0
sddaLDA_R,72.7,76.0,84.5,53.7,80.8,42.7,77.8,85.7,56.6,82.9,85.8,100.0,89.8,41.2,81.7,67.1,84.6,74.7,65.9,60.1,56.8,71.9,32.3,69.2,95.6,57.8,46.5,85.0,97.1,66.7,86.6,95.0,50.3,67.2,90.4,76.9,58.4,78.5,94.0,75.4,81.1,70.7,82.0,79.5,86.2,70.2,79.2,58.8,27.4,85.6,66.0,88.5,87.8,60.4,85.9,69.5,88.0,49.1,70.1,83.1,78.5,92.5,87.5,30.5,78.7,74.5,32.1,68.0,96.0,97.2,92.5,73.5,81.1,57.7,83.5,82.4,32.7,55.3,74.0,56.7,47.8,96.7,16.3,64.3,50.0,45.0,25.5,77.8,79.9,47.4,91.5,61.5,82.7,28.4,84.6,69.9,52.8,76.4,81.8,75.0,76.5,74.0,69.6,43.2,76.0,91.4,73.6,63.9,8.0,72.7,42.9,95.2,92.7,50.0,70.0,70.1,63.1,75.9,57.7,88.0,58.7
PenalizedLDA_R,68.1,81.0,75.1,49.7,74.1,49.2,57.8,84.7,46.7,82.3,81.2,100.0,88.2,60.2,85.6,67.4,87.5,67.0,64.0,56.6,82.4,74.3,46.9,60.6,94.7,61.5,46.9,90.3,97.9,79.2,71.2,95.7,50.3,57.0,88.9,77.5,70.1,65.4,72.6,75.4,85.5,74.7,58.1,83.3,52.9,88.1,93.0,33.5,42.5,85.6,34.0,89.3,36.6,13.4,87.9,64.7,86.0,8.6,71.5,81.4,79.1,90.0,75.0,37.8,78.0,76.5,38.6,66.9,87.5,72.3,97.5,33.8,58.8,68.3,88.2,85.3,84.8,64.8,76.0,22.8,40.5,97.4,20.8,71.4,68.8,47.6,31.5,80.4,78.0,43.4,60.7,58.5,87.1,14.5,86.5,67.6,56.2,82.6,86.9,87.5,74.3,33.9,69.6,57.5,63.5,92.0,68.3,59.7,52.0,65.9,53.6,93.8,89.2,60.6,77.9,77.5,68.6,76.3,58.7,82.0,65.2
sddaQDA_R,56.5,76.0,84.5,49.1,83.0,41.9,75.2,81.9,55.7,81.2,78.1,82.5,89.6,53.7,75.0,67.1,69.2,77.2,22.0,60.1,56.8,71.9,34.9,67.3,90.8,55.1,50.6,37.0,97.7,66.7,86.2,94.4,49.3,67.2,88.9,75.5,58.8,75.3,62.0,75.4,85.1,73.7,80.6,79.5,81.0,87.7,86.2,47.8,47.2,72.0,44.1,88.5,77.0,55.9,85.9,64.7,88.0,41.7,69.8,81.4,79.0,68.9,100.0,30.5,72.5,73.4,51.1,68.0,95.5,97.2,85.8,72.8,79.2,72.1,75.4,83.8,21.0,55.9,83.7,49.2,35.1,94.1,19.4,69.1,50.0,49.2,31.5,83.7,55.6,32.2,89.0,61.5,79.0,15.9,84.6,49.5,52.8,76.4,64.0,68.8,76.5,71.9,69.6,56.4,76.0,92.0,75.0,66.7,8.0,72.7,57.1,93.4,82.7,52.9,71.1,70.1,61.1,77.9,59.6,74.0,66.3
fda_R,82.4,90.0,94.4,68.8,93.2,50.0,82.3,90.3,64.8,90.2,86.6,100.0,94.6,58.8,82.7,67.4,74.0,82.7,75.8,64.2,86.5,73.3,44.3,73.1,96.0,61.0,51.0,90.0,97.9,87.5,82.9,96.0,58.4,79.1,94.7,77.2,58.4,82.7,97.3,75.4,84.8,74.0,86.2,80.1,91.7,87.7,94.7,78.2,75.5,85.6,87.8,90.1,93.4,70.5,87.1,75.8,84.0,50.4,70.5,86.7,79.1,94.3,87.5,45.1,78.6,76.4,60.6,66.3,99.4,96.4,100.0,73.6,85.5,63.5,88.4,89.7,86.7,59.2,88.8,61.4,73.4,99.3,26.9,97.6,50.0,52.9,31.0,89.1,83.6,47.4,98.5,62.4,86.8,26.1,87.5,80.4,56.9,82.6,86.9,75.0,76.1,82.9,66.8,59.9,78.5,85.6,71.2,59.5,56.0,63.6,53.6,93.8,93.9,60.6,77.9,82.3,73.6,78.6,79.4,98.0,72.8
fda_caret,94.1,90.0,96.9,71.6,93.2,32.3,85.2,91.1,87.8,90.3,90.3,100.0,95.2,68.2,85.9,67.1,90.6,84.2,73.7,65.4,80.5,71.4,58.8,70.0,96.0,60.4,56.7,90.9,97.7,87.5,90.9,96.9,58.7,83.9,94.3,77.8,71.7,82.6,93.7,82.8,81.0,74.8,86.0,80.0,94.4,88.3,97.3,79.7,82.9,85.5,85.9,89.7,93.5,67.3,86.7,84.5,88.0,56.4,72.4,90.6,83.5,93.8,75.0,40.0,84.6,95.5,59.5,68.4,97.7,95.3,100.0,70.7,85.4,70.9,93.6,82.4,90.7,57.4,88.2,71.1,76.6,96.0,33.3,82.8,56.2,52.0,26.5,91.2,87.0,42.5,97.0,63.0,82.2,16.9,85.3,74.8,52.8,85.1,84.8,58.3,79.1,83.9,71.1,56.9,77.8,90.9,78.8,58.3,64.0,70.2,75.0,96.3,98.6,57.1,75.8,88.3,74.6,77.2,83.3,96.0,68.6
mda_R,84.7,89.0,94.2,68.2,91.2,39.5,85.0,90.4,68.4,90.2,86.6,100.0,95.0,64.8,76.0,66.7,74.0,82.4,77.4,64.2,79.1,72.9,46.9,70.2,95.6,56.7,48.3,91.5,98.0,87.5,84.2,95.9,58.4,77.5,94.2,76.9,45.1,84.0,95.7,72.3,80.1,74.3,87.1,81.4,90.7,88.8,97.1,81.8,74.3,83.3,88.9,89.2,94.4,80.5,86.6,78.8,85.0,55.4,71.2,84.6,77.9,92.1,75.0,37.8,80.1,82.6,59.2,66.3,98.9,95.2,100.0,69.8,86.1,67.3,89.3,80.9,86.2,55.6,89.8,79.7,84.2,98.7,33.7,97.6,37.5,53.5,35.0,88.3,85.3,46.7,98.3,61.9,80.9,28.5,88.5,79.1,63.4,82.5,84.5,56.2,77.0,92.7,64.1,57.1,73.0,84.5,71.2,67.6,52.0,58.0,67.9,94.4,98.3,64.4,73.6,88.0,75.8,75.5,76.5,96.0,68.5
pda_caret,81.3,90.0,94.3,69.0,92.8,44.0,82.2,91.5,65.8,89.4,86.9,100.0,94.5,62.1,85.9,67.1,79.4,84.5,77.5,64.7,86.5,71.9,45.4,66.2,96.3,59.4,51.3,89.5,97.9,79.2,85.9,95.9,74.3,79.3,95.7,77.6,64.4,81.3,97.5,75.5,81.0,75.2,86.0,80.0,91.6,86.7,94.5,78.8,74.7,84.7,88.3,89.9,93.3,70.1,85.9,83.4,86.0,58.4,71.7,88.5,80.6,94.0,83.3,44.5,78.4,77.1,58.7,66.4,98.3,96.6,100.0,73.7,86.1,67.2,88.7,89.7,86.4,60.4,85.6,72.5,74.2,96.7,27.0,98.3,52.3,53.2,38.5,87.7,88.3,56.2,97.2,61.6,83.7,30.8,89.3,80.3,56.9,82.6,88.1,71.2,77.0,82.9,70.3,59.5,82.3,92.0,74.5,59.7,56.0,71.2,53.6,93.8,93.3,57.8,77.1,81.5,72.7,77.5,80.0,98.0,69.4
rda_R,85.3,88.0,93.2,68.2,91.0,47.6,82.3,90.7,68.4,83.5,91.8,100.0,94.3,56.5,83.7,67.1,85.6,77.2,82.2,63.4,87.8,72.9,42.7,72.1,96.7,59.4,50.3,93.2,97.9,83.3,83.2,96.6,59.2,72.9,93.3,77.9,67.0,81.7,97.3,75.4,85.5,75.0,86.5,81.4,91.2,90.5,95.0,78.7,74.7,85.6,95.8,90.0,97.0,85.3,86.8,80.0,86.0,60.5,71.2,87.2,79.7,94.3,87.5,48.8,77.7,98.6,60.2,66.7,99.4,97.0,100.0,73.5,85.7,67.3,88.4,89.7,91.2,56.2,86.2,76.9,97.0,99.3,37.8,84.7,53.1,52.5,31.5,88.5,88.2,44.7,99.2,61.7,85.7,35.1,85.6,83.8,64.6,82.7,86.3,93.8,74.2,93.8,65.8,59.6,81.0,92.0,78.8,55.8,52.0,69.3,53.6,93.7,97.9,64.4,79.0,91.0,74.6,78.1,75.9,96.0,75.0
hdda_R,89.1,79.0,87.4,65.6,85.9,40.3,80.9,83.4,69.3,84.0,94.3,100.0,93.8,53.2,84.6,66.9,81.7,78.5,82.3,60.0,89.2,73.6,42.7,59.6,92.4,59.4,50.9,92.1,97.9,83.3,84.9,96.9,71.1,64.6,93.8,77.3,68.4,82.7,97.3,75.4,85.5,76.0,85.5,79.5,84.7,92.8,93.5,66.0,66.3,84.8,91.9,90.1,95.4,71.2,87.1,83.4,88.0,71.0,71.9,83.3,78.3,89.3,87.5,49.1,78.7,98.5,57.8,66.1,99.4,91.4,100.0,73.7,85.6,63.5,89.0,88.2,85.4,58.2,81.1,87.2,84.4,98.7,40.0,97.6,46.9,49.6,39.0,86.2,81.4,46.1,98.5,61.2,86.4,20.3,82.7,82.2,68.5,83.1,79.8,56.2,76.7,95.4,59.8,56.5,73.5,88.2,72.1,59.5,48.0,60.2,53.6,93.8,96.1,64.4,78.3,91.6,70.9,78.6,69.5,95.0,67.4
naiveBayes_R,83.3,85.0,89.4,65.6,78.6,29.0,82.0,86.1,83.4,80.3,88.9,100.0,93.2,56.0,91.3,65.0,93.3,74.0,62.2,58.0,81.1,68.5,49.5,72.1,94.4,54.0,50.6,90.0,97.9,79.2,86.7,96.3,52.1,62.2,89.9,74.9,43.1,77.9,96.2,75.4,84.8,73.4,79.9,84.0,90.0,91.2,99.2,63.3,71.5,81.8,70.8,88.8,87.3,70.9,82.0,76.3,88.0,54.2,70.5,84.2,82.5,52.3,87.5,30.5,76.2,98.6,56.5,67.9,97.7,77.0,97.5,74.7,81.0,66.3,56.8,77.9,80.1,58.6,73.0,65.0,92.9,97.4,33.0,67.0,46.9,49.8,28.5,83.6,79.5,44.7,98.2,55.3,86.4,15.3,85.6,78.4,47.2,81.1,82.7,81.2,72.7,83.0,55.4,60.2,66.5,79.1,71.2,42.1,12.0,71.6,85.7,91.2,96.1,67.3,72.6,83.0,70.3,75.0,62.6,91.0,71.7
NaiveBayes_weka,92.2,84.0,83.2,60.4,76.0,36.5,79.5,84.8,52.6,28.4,81.7,100.0,87.8,47.1,83.9,66.8,87.7,78.0,72.6,57.8,83.1,55.5,46.9,63.2,93.1,55.0,48.8,89.7,97.8,54.1,82.9,95.9,49.3,59.8,89.5,75.0,62.1,83.5,97.2,70.7,82.6,75.4,80.1,82.5,80.0,90.0,91.4,46.0,71.1,80.1,86.0,83.7,89.3,64.0,77.8,74.7,87.0,53.5,73.7,82.4,78.5,85.7,60.0,43.9,72.6,98.6,57.2,54.6,97.1,71.8,95.0,71.4,80.9,63.1,79.8,72.0,86.7,57.0,69.2,61.9,76.1,94.6,30.7,70.1,59.3,44.4,33.0,81.6,80.4,52.9,94.3,58.8,84.4,14.8,89.2,82.6,66.4,80.8,85.7,56.2,75.0,81.3,59.3,52.8,72.2,91.9,69.2,59.2,84.0,62.2,64.2,95.0,88.8,57.1,75.9,84.2,67.1,76.1,52.1,96.0,71.7
NaiveBayesUpdateable_weka,92.2,76.0,83.2,60.4,76.0,36.5,79.6,84.8,52.6,28.4,81.7,100.0,87.8,47.1,83.9,66.8,87.7,78.0,72.6,57.8,83.1,55.5,46.9,63.2,93.1,44.9,48.8,89.7,97.8,54.1,82.9,95.9,49.3,59.8,89.5,75.0,62.1,83.5,97.2,70.7,82.6,75.4,80.1,82.5,80.0,90.0,86.4,46.0,71.1,80.1,86.0,83.7,11.5,64.0,77.8,74.7,87.0,53.5,73.7,82.4,78.5,85.7,60.0,43.9,72.6,98.6,57.2,54.6,97.1,71.8,95.0,71.4,80.9,63.1,79.8,75.0,10.3,57.0,69.2,61.9,76.4,94.6,30.7,70.1,59.3,44.4,33.0,81.6,80.4,52.9,94.3,58.8,84.4,17.4,89.2,82.6,52.7,81.4,85.7,56.2,75.0,71.9,59.3,52.8,72.2,91.9,69.2,56.4,0.0,62.2,53.5,92.7,88.8,57.1,75.9,84.2,67.1,76.1,52.1,96.0,71.7
BayesNet_weka,96.3,93.0,90.9,68.7,81.4,39.0,81.7,88.5,87.9,86.0,89.7,100.0,93.4,64.0,86.7,67.1,89.6,78.0,69.4,58.2,75.6,67.5,61.3,63.2,93.8,55.0,50.1,90.0,97.1,58.3,88.5,97.2,49.3,63.0,88.5,76.7,71.9,76.4,98.3,80.0,82.3,73.2,79.5,78.0,90.9,76.0,99.1,59.1,73.1,82.4,85.3,88.1,89.7,73.9,85.7,82.7,88.0,51.3,74.1,86.1,83.1,87.6,50.0,41.8,77.3,98.0,57.5,67.8,98.8,82.6,100.0,73.6,80.4,67.9,90.1,86.7,88.0,57.4,78.9,58.0,77.0,94.6,35.1,69.9,53.1,47.9,28.0,86.3,79.8,34.4,96.5,61.3,80.3,14.8,86.2,75.1,52.7,83.5,83.0,56.2,73.6,83.2,71.4,56.0,76.2,91.9,77.4,58.3,76.0,71.1,53.5,97.6,97.2,51.4,72.4,86.5,66.0,74.7,61.0,97.0,61.9
rbf_caret,67.7,79.0,90.1,69.3,90.9,48.0,84.0,91.5,71.7,85.5,94.0,100.0,94.1,66.3,84.9,65.5,79.2,85.8,36.5,64.4,87.1,72.4,51.1,67.0,97.2,55.1,54.9,88.0,97.8,87.5,86.8,96.7,52.3,78.6,95.2,77.8,54.2,85.4,97.0,75.5,84.0,73.2,81.2,85.2,88.9,90.7,95.1,74.9,69.7,85.4,41.4,89.3,85.2,60.8,86.7,82.3,88.0,41.1,73.8,87.9,82.7,90.6,66.7,48.2,82.9,97.1,59.2,68.0,98.9,97.1,100.0,72.4,85.6,68.1,89.3,86.8,82.4,60.1,88.2,62.2,68.2,94.7,27.2,87.5,62.5,53.6,35.4,89.4,86.6,55.6,96.3,61.1,84.8,34.1,89.2,36.3,52.8,83.3,87.2,77.5,79.7,87.6,70.3,59.6,80.3,57.2,79.8,50.0,48.0,64.4,67.9,93.7,95.3,60.9,76.6,84.8,69.5,77.6,77.2,92.2,66.4
mlp_matlab,77.9,90.0,94.6,60.5,89.3,25.8,89.7,89.9,84.3,84.7,86.9,97.5,94.4,60.4,77.9,66.2,77.9,79.2,1.4,65.1,78.4,72.3,40.6,45.2,96.0,57.2,51.8,97.4,97.7,58.3,77.7,96.6,50.3,74.9,90.4,77.5,47.8,61.0,88.5,81.9,82.2,73.4,86.6,78.8,88.2,92.5,79.2,71.3,75.7,80.3,83.2,88.8,56.1,54.2,78.5,79.2,88.0,3.5,70.8,87.4,79.8,98.2,62.5,28.7,80.6,96.1,56.5,67.9,97.7,97.2,100.0,61.0,86.2,54.8,91.5,79.4,34.6,57.9,87.8,26.9,83.5,79.7,37.4,97.9,40.6,54.1,22.5,89.9,87.6,40.1,91.2,60.3,75.4,22.0,84.0,4.1,53.0,84.1,79.5,56.2,77.5,44.1,68.3,53.6,77.0,92.0,66.8,65.5,52.0,71.6,78.6,94.0,99.9,43.3,73.6,94.6,72.5,74.0,76.8,72.0,62.0
mlp_C,87.3,97.0,98.2,74.4,94.3,41.1,87.6,91.7,91.4,93.7,90.1,100.0,95.0,59.0,56.7,65.7,89.4,82.1,68.6,65.6,83.1,73.8,46.9,73.1,97.2,55.1,57.2,95.4,97.7,75.0,90.8,96.3,64.4,81.6,87.0,78.4,67.9,84.4,96.4,84.1,78.1,70.4,86.4,83.3,96.0,95.7,99.6,80.0,76.6,75.8,92.6,89.5,95.9,87.5,83.9,88.0,77.0,49.2,73.9,96.2,83.6,99.2,87.5,46.3,87.2,95.4,61.0,68.0,99.4,97.2,100.0,72.7,86.5,62.5,93.7,57.4,90.7,55.9,89.8,77.2,99.8,95.9,52.0,97.0,28.1,53.9,27.0,91.7,92.3,46.1,99.0,59.2,80.6,77.8,81.0,70.0,40.3,85.8,86.0,81.2,77.4,95.7,42.8,59.5,73.0,60.4,79.8,59.0,64.0,38.6,71.4,98.0,100.0,64.4,76.0,95.5,74.2,77.9,82.3,95.0,63.0
mlp_caret,85.5,97.0,99.6,74.4,93.8,45.5,89.0,92.4,90.8,92.8,91.4,100.0,97.1,68.7,84.9,66.9,80.2,86.1,75.0,66.8,85.7,73.1,53.6,66.4,97.5,63.1,55.0,97.5,97.6,79.5,90.2,97.0,54.6,84.2,96.7,79.1,65.0,84.8,96.7,83.2,81.3,76.1,84.4,82.6,96.7,94.7,99.8,82.9,82.8,80.9,91.0,89.0,96.2,81.0,84.9,91.2,87.0,45.9,70.3,90.4,84.0,99.3,79.2,47.3,86.9,94.6,59.3,67.8,97.7,96.3,100.0,71.3,86.2,75.7,93.7,83.8,89.4,58.7,94.3,76.9,96.3,96.7,49.5,98.4,59.1,55.7,35.0,92.1,91.2,57.1,99.0,62.3,83.7,71.7,87.2,73.8,55.3,85.3,85.8,66.7,80.3,91.9,65.3,61.9,76.7,72.7,83.7,78.7,44.0,65.6,42.9,98.2,100.0,65.8,74.6,98.1,74.4,75.5,83.7,93.1,71.9
avNNet_caret,86.4,98.0,98.6,73.2,94.2,43.1,86.9,93.0,85.7,92.2,92.6,100.0,96.7,66.3,86.8,66.4,82.9,86.1,31.9,67.4,81.8,72.2,52.6,69.8,97.5,59.9,56.4,93.8,97.8,87.5,91.4,96.9,66.7,84.4,96.2,78.6,63.5,86.8,98.1,77.8,83.3,76.1,86.2,83.9,95.0,93.8,99.6,82.6,79.7,81.0,83.7,89.6,93.7,64.6,87.0,92.2,88.0,31.1,73.4,90.2,83.7,99.4,87.5,46.1,86.9,90.2,59.3,67.8,98.9,97.1,100.0,71.7,87.1,67.0,94.3,85.3,85.6,59.7,90.3,73.6,82.0,97.3,33.7,98.3,52.4,55.9,38.1,91.9,90.6,60.3,98.7,62.3,85.6,82.2,90.3,32.9,60.4,85.1,86.6,75.0,79.5,89.9,71.4,61.4,77.8,71.7,81.7,78.2,60.0,68.9,42.9,98.4,100.0,62.1,74.6,95.3,77.5,77.1,85.3,93.9,71.7
nnet_caret,83.7,99.0,98.5,72.8,94.1,44.8,86.8,91.9,87.9,92.9,91.2,100.0,97.1,71.6,86.8,65.3,79.3,86.1,28.5,67.0,81.2,72.2,49.0,71.4,97.4,61.5,56.4,97.9,97.8,81.7,91.3,96.7,63.9,84.9,97.2,79.1,57.1,87.4,97.0,79.4,80.9,75.8,85.9,83.9,96.9,97.3,99.9,82.2,83.4,80.2,61.6,89.4,93.7,73.2,86.1,89.9,86.0,30.5,71.3,96.5,83.8,99.2,79.2,43.4,87.0,89.5,60.1,67.4,98.9,97.1,100.0,73.2,86.7,71.9,93.7,80.9,89.1,60.7,91.3,77.8,93.9,96.6,39.7,98.4,59.4,55.4,36.0,92.0,91.0,61.0,98.8,62.3,83.3,78.7,89.2,33.4,58.1,85.3,85.7,62.9,80.2,94.6,69.3,60.4,77.3,74.9,83.6,79.9,48.0,67.8,85.7,98.4,100.0,61.1,74.9,97.6,73.4,77.0,84.4,97.0,73.8
pcaNNet_caret,85.2,98.0,98.5,73.2,92.3,46.3,88.3,92.2,87.5,88.3,91.7,100.0,96.9,67.8,86.8,66.4,80.1,86.4,20.1,65.9,83.1,71.9,49.5,65.8,97.7,58.8,55.7,95.5,97.8,84.5,91.9,97.3,56.1,82.7,95.3,79.1,60.6,85.2,97.0,79.3,81.3,77.1,86.0,82.0,94.3,96.2,97.4,77.5,79.6,79.5,60.3,89.6,94.5,59.0,85.8,91.6,88.0,25.9,72.0,93.9,83.7,99.3,91.7,45.8,86.9,89.7,61.1,66.7,98.3,97.1,100.0,72.4,86.9,70.8,93.8,88.2,91.0,59.0,90.3,76.1,91.8,97.4,35.8,98.0,57.1,54.9,37.4,92.1,89.6,60.4,99.3,61.6,84.1,21.0,87.3,18.6,60.0,85.0,86.0,88.8,79.8,89.3,71.4,60.8,78.8,92.0,83.7,69.9,48.0,71.1,85.7,98.1,100.0,59.7,75.3,97.0,75.0,77.0,80.5,95.2,65.4
MultilayerPerceptron_weka,84.3,94.0,99.7,71.7,94.5,39.0,88.8,90.9,88.8,86.6,91.4,100.0,96.0,64.4,79.2,66.4,74.5,84.8,81.6,65.0,83.7,71.8,46.9,64.1,97.7,62.0,54.9,94.6,97.0,79.1,90.3,96.2,54.2,81.1,93.8,77.6,69.4,84.8,98.0,83.1,77.8,72.5,83.6,83.8,95.7,91.2,99.7,80.7,82.8,79.3,93.4,87.7,96.7,82.7,82.8,92.8,89.0,63.2,69.5,90.6,81.1,99.2,80.0,40.9,86.0,91.8,58.8,61.4,96.6,96.3,100.0,70.4,83.8,60.1,92.1,83.8,86.9,50.1,88.7,78.0,89.3,95.3,45.9,97.9,53.1,54.9,31.0,91.5,91.7,46.3,99.1,59.5,78.1,19.9,85.2,82.2,58.7,85.0,84.8,68.7,77.0,89.9,58.7,60.1,75.7,90.9,84.6,49.3,68.0,53.3,39.2,96.0,100.0,53.3,73.3,93.8,74.2,75.7,82.4,96.0,64.1
elm_matlab,78.6,87.0,94.4,73.2,93.2,37.9,87.2,92.5,81.6,91.3,88.4,100.0,95.6,68.4,84.6,61.1,77.9,85.7,77.7,65.9,75.7,72.4,43.2,73.1,95.8,56.1,54.4,94.6,97.6,83.3,89.8,95.7,57.8,83.8,95.7,78.5,66.4,83.1,97.5,75.9,84.2,65.5,84.9,80.8,94.9,90.4,99.7,80.5,79.2,83.3,80.7,89.5,94.9,82.8,85.9,78.6,85.0,58.6,73.2,91.5,80.8,95.7,50.0,50.6,85.4,96.4,62.0,67.9,92.6,97.0,97.5,71.7,85.7,64.4,90.3,77.9,84.8,59.5,86.2,77.5,91.3,90.5,46.3,97.9,53.1,55.1,34.0,90.8,89.1,45.4,93.2,59.2,85.1,82.0,87.0,75.9,46.8,84.7,87.5,75.0,77.9,96.9,71.1,59.8,78.6,75.9,70.2,57.9,76.0,68.2,67.9,93.3,100.0,61.5,78.0,96.1,70.7,76.4,81.0,97.0,68.5
cascor_C,79.6,91.0,94.2,66.5,92.2,33.9,81.1,90.1,69.2,87.8,84.1,100.0,94.9,62.3,71.2,62.0,80.8,79.9,68.6,59.1,79.1,70.2,40.1,69.2,94.7,59.4,52.9,77.1,97.6,70.8,86.6,97.4,54.8,78.7,90.4,77.8,59.7,80.2,95.9,75.5,79.5,68.8,83.7,75.0,91.2,88.6,98.0,74.3,67.7,77.3,82.1,89.6,92.2,61.3,84.4,73.3,76.0,37.5,61.6,91.4,80.3,94.1,87.5,41.5,82.2,83.1,56.2,59.7,96.0,97.2,100.0,71.6,83.9,59.6,88.4,77.9,85.4,57.9,80.6,57.5,80.7,99.3,29.8,97.6,56.2,53.0,26.5,89.0,83.1,54.6,90.0,60.6,79.5,31.8,76.0,65.6,57.4,83.0,84.8,68.8,77.0,84.8,58.3,56.7,68.4,56.7,66.3,50.9,60.0,63.6,64.3,93.7,98.8,46.2,72.1,92.2,68.0,73.3,76.2,97.0,55.4
lvq_R,76.4,87.0,92.8,68.2,0.0,43.5,84.8,0.3,71.5,85.1,85.5,100.0,93.7,66.7,88.5,65.3,80.8,79.2,64.4,62.2,79.7,66.6,52.6,79.8,96.0,55.6,48.1,81.5,96.9,79.2,83.5,95.7,52.3,19.4,93.8,77.0,63.7,77.9,95.7,75.2,83.8,71.1,82.8,84.0,88.6,86.1,97.2,66.9,67.6,84.8,84.8,88.8,90.7,46.4,85.0,84.7,87.0,3.7,71.9,85.3,79.2,88.2,12.5,40.2,80.1,87.3,58.2,65.4,95.5,97.0,100.0,72.2,83.1,79.8,89.1,79.4,80.3,56.6,89.8,64.4,72.7,96.7,27.0,97.0,50.0,50.9,30.5,88.2,87.4,45.4,96.5,61.9,84.6,25.6,85.6,1.3,56.9,80.4,85.1,18.8,76.2,86.9,63.6,57.6,75.5,92.0,83.2,59.3,44.0,72.7,75.0,92.4,97.8,62.5,73.4,88.7,73.8,75.5,21.4,95.0,72.8
bdk_R,74.7,88.0,95.1,68.7,86.2,33.9,84.7,88.1,79.9,82.7,86.4,100.0,93.7,66.2,72.1,65.0,77.9,79.2,53.9,57.6,80.4,69.9,45.8,73.1,94.9,55.6,46.6,85.8,96.6,79.2,84.9,95.6,52.1,70.8,90.4,78.0,58.8,78.5,96.5,74.3,80.4,64.8,77.5,81.4,92.6,83.8,99.5,69.1,68.4,78.8,89.8,88.0,93.1,61.6,83.6,85.5,83.0,44.2,64.9,85.4,79.3,90.5,75.0,35.1,79.3,84.9,48.1,59.2,97.2,97.0,100.0,65.0,80.4,69.2,87.1,77.9,80.9,55.6,91.8,76.9,93.7,93.4,33.6,96.7,37.5,50.3,29.5,88.7,86.8,46.7,96.2,60.1,84.9,28.7,86.5,66.1,57.6,81.6,79.2,81.2,72.5,94.3,58.2,56.4,74.5,92.0,89.4,63.9,48.0,53.4,89.3,93.8,99.6,65.4,70.4,93.9,71.9,68.8,71.5,96.0,67.4
dkp_C,74.0,92.0,95.9,75.8,89.9,33.9,90.2,90.4,87.4,89.0,79.8,100.0,96.1,68.9,79.8,65.7,77.9,82.1,78.6,64.3,85.8,72.6,52.1,76.0,95.1,55.1,52.9,94.6,97.9,87.5,86.7,94.6,51.0,73.5,89.4,77.8,61.9,81.2,96.4,82.2,86.6,72.7,83.3,84.0,94.8,89.4,99.7,70.4,79.3,84.1,92.0,88.5,96.6,95.5,86.5,86.6,88.0,64.9,74.6,91.8,79.1,94.6,75.0,43.6,83.4,72.4,60.4,67.7,96.6,97.2,100.0,73.9,84.7,69.2,90.6,82.4,87.2,57.6,92.9,84.4,100.0,96.6,75.6,100.0,53.1,62.4,33.5,91.7,88.7,53.3,96.7,59.9,85.1,24.1,88.0,79.6,55.3,83.6,86.9,75.0,77.7,97.2,71.1,65.2,78.6,92.0,79.3,61.6,72.0,72.7,78.6,93.6,100.0,68.3,74.6,95.4,78.5,72.4,76.6,98.0,76.1
LibSVM_weka,86.3,76.0,99.6,76.3,91.7,34.9,91.9,91.9,92.3,89.2,94.0,100.0,96.6,68.2,83.9,65.2,80.1,85.4,86.6,66.4,85.1,68.6,50.0,67.9,97.3,54.8,56.0,99.8,97.7,79.1,92.4,95.5,50.6,77.0,94.7,79.0,69.9,85.8,97.2,83.2,81.9,73.5,86.2,81.2,96.4,98.4,99.8,83.2,84.3,85.4,95.7,89.6,97.1,97.4,85.6,90.3,87.0,72.3,73.7,96.3,82.9,99.2,40.0,47.2,87.4,98.6,60.2,67.6,97.7,97.1,98.3,72.0,86.7,67.9,93.8,66.1,48.6,56.4,93.8,85.8,100.0,94.0,82.4,99.4,50.0,64.2,33.0,92.9,90.7,55.6,99.1,60.6,84.4,14.3,84.3,83.5,53.2,85.0,86.9,56.2,78.7,97.5,71.4,63.2,78.2,91.9,88.9,51.8,64.0,70.0,75.0,96.5,99.9,60.0,76.9,99.0,76.9,75.9,79.7,96.0,70.6
LibLINEAR_weka,83.3,88.0,95.2,71.0,92.6,39.0,81.2,91.9,68.2,90.1,88.3,100.0,95.6,62.6,83.9,67.3,78.3,84.5,76.0,64.3,82.4,73.5,44.3,71.6,96.8,62.0,50.9,89.8,97.7,83.3,86.8,96.5,72.4,81.0,94.7,77.6,58.6,86.1,96.4,75.3,80.6,74.1,86.8,80.6,91.8,86.5,92.6,79.4,78.4,84.7,84.6,89.1,94.5,70.0,85.6,85.2,87.0,49.6,71.6,89.0,81.8,97.4,80.0,46.6,78.9,76.4,58.2,66.9,97.7,96.8,100.0,72.5,86.7,62.1,92.1,83.8,87.7,58.4,87.6,71.1,72.7,93.3,27.6,98.3,46.8,52.9,32.0,89.6,87.0,52.9,92.1,58.6,84.4,84.6,86.2,66.8,56.9,84.0,87.5,56.2,77.4,89.6,69.7,57.5,80.3,66.3,75.9,59.9,76.0,63.3,53.5,94.3,93.8,58.0,76.4,80.1,71.6,76.5,79.6,97.0,70.6
SMO_weka,82.6,96.0,99.5,74.9,92.7,36.5,88.5,91.5,90.0,84.7,90.5,100.0,94.0,60.2,74.5,57.4,78.3,77.7,81.3,63.2,84.4,71.3,49.4,58.4,97.8,56.1,54.0,95.7,97.7,87.5,88.2,96.7,52.8,82.2,92.3,78.4,66.5,76.1,96.9,75.3,80.2,73.5,85.8,81.9,94.7,90.2,97.8,80.1,81.0,85.4,94.6,89.5,97.2,88.1,86.8,91.3,85.0,57.3,72.0,87.3,81.6,99.4,70.0,40.3,84.9,96.7,57.6,66.9,97.7,96.6,100.0,71.4,87.1,51.4,81.7,80.8,87.5,57.7,88.2,82.7,94.3,96.0,41.9,98.6,50.0,52.2,34.5,90.8,91.7,50.3,98.5,60.6,80.7,15.2,86.2,83.6,53.4,84.7,86.0,68.7,76.2,97.6,70.3,57.6,76.2,68.4,85.0,58.1,68.0,68.8,60.7,93.6,100.0,41.9,75.1,94.2,75.1,77.8,81.2,96.0,61.9
rpart_R,89.2,88.0,94.3,70.9,87.0,42.7,78.0,89.8,98.5,87.8,86.4,91.7,96.5,67.6,89.4,64.8,76.0,80.1,3.0,62.7,71.6,71.2,61.5,74.0,93.3,55.1,54.9,86.9,78.3,66.7,90.5,95.3,51.0,75.8,89.4,77.7,71.2,81.7,93.5,75.4,80.1,72.4,74.4,78.2,91.4,77.9,99.5,67.9,76.6,75.8,62.0,90.0,74.2,46.4,86.2,72.7,88.0,11.6,73.3,93.9,82.3,97.2,50.0,49.4,82.3,85.4,58.7,67.6,84.7,96.6,93.3,68.4,73.9,73.1,89.6,83.8,71.8,58.9,83.7,51.4,76.6,96.7,26.5,89.7,46.9,52.1,29.0,92.8,84.0,45.4,87.3,61.7,79.4,23.1,80.8,7.3,52.8,84.8,83.0,75.0,76.3,72.0,59.2,58.3,64.0,92.0,68.8,60.2,64.0,72.7,89.3,98.9,98.5,63.5,74.4,93.9,73.2,76.0,73.5,87.0,52.2
rpart_caret,87.9,88.0,94.2,71.4,86.5,39.0,82.5,89.8,98.2,88.6,89.2,96.7,96.8,69.1,86.9,64.8,76.4,82.3,30.1,63.4,71.0,68.4,59.8,68.8,91.0,55.1,55.3,92.4,79.0,62.6,89.3,94.9,50.8,75.0,89.6,78.9,71.7,82.9,94.8,78.0,80.3,72.9,74.8,80.0,93.9,77.8,99.9,68.2,76.3,85.5,61.3,90.3,67.9,32.4,85.5,76.5,87.0,29.5,72.4,94.5,81.9,97.5,41.7,46.3,83.7,85.8,57.5,68.3,88.2,96.9,96.0,68.6,76.0,63.2,91.0,85.3,73.4,55.5,85.7,55.3,63.6,92.7,35.4,92.6,37.5,53.8,31.5,92.2,83.8,51.0,86.3,62.3,80.7,23.1,86.3,33.1,52.8,85.7,81.9,56.7,78.7,69.2,62.1,59.2,72.7,92.5,75.0,61.1,64.0,71.1,75.0,98.9,100.0,54.8,73.2,94.3,71.7,75.1,78.2,84.1,61.8
C5.0_caret,94.9,89.0,98.7,80.4,93.0,40.0,89.8,92.0,99.9,93.8,94.6,100.0,97.4,74.2,86.8,62.5,86.9,85.2,77.0,64.5,85.1,70.7,65.0,70.0,96.0,57.8,54.7,100.0,96.8,87.5,91.7,96.7,49.3,80.2,92.9,77.4,71.9,84.2,96.7,90.4,81.3,72.9,84.9,85.7,98.1,84.0,95.5,76.2,88.5,87.1,90.5,90.0,81.6,95.7,86.5,92.4,88.0,57.8,74.8,96.4,83.6,99.6,79.2,45.8,87.7,97.0,61.3,67.5,98.3,97.2,100.0,71.3,84.2,69.8,95.4,76.5,58.8,56.1,90.8,80.6,93.1,95.3,88.8,98.6,59.0,66.2,38.0,94.7,87.0,57.7,97.8,61.4,81.1,30.8,86.3,74.9,53.9,85.6,83.6,48.3,77.9,96.1,71.4,68.1,79.4,92.0,80.8,72.2,8.0,71.1,89.3,93.4,100.0,62.8,75.9,98.7,79.9,76.4,81.0,95.1,71.8
C5.0Tree_caret,92.2,10.0,96.6,75.9,88.7,32.5,84.8,89.5,99.6,91.1,90.3,100.0,97.2,68.7,86.8,64.4,83.0,80.7,51.5,61.9,76.2,70.5,64.9,65.3,92.4,66.8,53.4,99.2,84.8,83.7,91.5,94.7,49.3,73.9,92.7,77.8,67.0,79.7,96.5,83.6,80.3,72.5,76.6,78.1,96.7,77.6,98.6,71.6,83.0,77.0,74.5,90.0,68.7,87.2,85.2,79.6,85.0,45.2,71.7,96.4,82.5,99.2,70.8,45.8,85.0,90.4,56.8,68.0,94.9,96.5,100.0,69.3,76.8,67.0,92.4,70.6,81.4,53.1,83.1,59.7,79.4,90.7,78.6,93.0,59.3,57.3,32.0,92.4,83.8,54.3,91.8,60.5,74.8,10.6,86.3,48.1,52.8,83.5,81.9,56.7,77.0,90.7,71.4,58.9,76.2,92.0,75.6,72.2,0.0,70.0,75.0,93.4,100.0,50.7,72.8,97.2,72.1,76.3,72.3,95.0,66.2
PART_weka,91.7,81.0,96.9,70.9,89.6,28.4,84.7,86.9,99.8,91.3,88.8,100.0,96.9,71.4,86.7,65.7,77.3,80.6,49.4,61.0,81.7,69.8,56.1,67.9,92.4,68.9,49.4,99.4,91.9,83.3,90.6,94.4,49.3,73.4,90.4,78.9,62.8,81.6,94.5,85.1,78.5,73.5,77.3,78.0,96.4,82.2,96.6,72.3,81.7,83.2,77.3,88.0,61.9,87.5,83.9,85.0,85.0,42.4,64.6,96.7,83.0,99.1,80.0,41.2,84.7,93.9,53.3,59.7,92.6,96.2,100.0,71.0,78.8,66.0,93.7,66.1,52.3,54.1,88.2,60.5,76.8,94.6,75.2,97.7,46.8,57.2,33.5,92.8,83.9,52.9,89.5,60.9,77.4,31.3,84.3,44.5,54.6,83.5,80.3,50.0,76.8,92.2,71.4,57.4,72.2,92.5,75.0,72.2,0.0,58.8,75.0,92.9,100.0,58.0,70.7,97.6,74.2,73.6,71.6,94.0,58.6
PART_caret,92.1,81.0,97.1,71.9,90.1,39.0,84.8,91.5,99.6,91.8,88.9,100.0,96.8,71.9,80.3,65.7,77.4,81.3,48.2,61.7,75.7,70.0,57.7,69.8,93.8,69.0,49.0,99.6,91.6,83.3,90.6,95.0,49.3,72.7,93.4,78.7,64.2,80.7,94.3,85.3,80.6,73.2,77.2,78.0,96.1,80.3,96.6,72.2,80.9,83.2,78.3,88.1,61.9,88.2,83.9,82.6,87.0,42.0,67.1,96.6,82.2,98.8,83.3,43.3,85.2,94.3,55.1,62.3,92.1,96.0,100.0,72.7,78.6,66.0,93.0,66.2,52.4,47.2,87.7,66.4,76.8,96.7,74.9,96.5,40.5,58.0,27.5,92.7,83.1,54.3,91.3,59.6,76.0,31.3,83.3,44.8,54.6,83.6,83.1,74.2,77.0,92.3,71.4,59.8,75.2,92.5,69.2,72.2,0.0,56.7,75.0,93.0,100.0,58.0,69.4,97.3,73.0,70.4,72.8,93.1,58.2
RandomSubSpace_weka,93.7,95.0,96.7,74.7,89.4,39.8,87.6,91.0,97.1,92.5,89.7,100.0,97.0,67.7,86.7,67.1,80.1,79.6,65.6,62.9,80.4,71.6,63.9,73.5,94.5,55.0,53.0,89.1,93.1,62.5,89.7,96.2,53.1,76.9,90.0,78.6,69.0,76.4,96.4,79.2,81.6,75.4,81.7,82.5,95.5,79.3,99.8,73.6,84.2,83.2,82.7,89.1,93.1,90.1,86.8,82.5,88.0,50.3,74.1,94.2,83.2,95.2,60.0,43.0,86.1,95.5,56.5,67.9,92.6,97.1,100.0,70.2,81.9,70.8,93.3,88.2,86.1,59.0,85.6,60.0,81.3,95.3,40.9,81.8,43.7,60.2,32.0,92.9,85.6,45.0,93.1,61.6,75.5,28.2,85.2,62.8,52.7,85.9,82.7,43.7,75.9,92.8,71.4,60.9,75.7,91.9,73.0,58.3,88.0,71.1,75.0,96.3,100.0,54.2,73.4,70.0,70.1,73.9,75.9,91.0,63.0
C5.0Rules_caret,93.1,87.0,96.4,76.4,90.6,38.8,86.0,89.3,99.5,92.4,91.4,100.0,96.8,66.2,84.9,64.8,76.4,80.0,50.6,63.0,75.7,71.0,62.3,60.4,93.3,66.8,53.5,99.5,91.1,86.4,91.1,94.9,49.3,75.9,89.0,78.4,68.8,79.7,96.4,85.3,79.6,69.0,78.9,80.7,96.4,79.8,98.6,72.6,84.2,83.2,75.9,89.8,71.5,87.9,84.8,85.7,86.0,44.9,71.3,93.9,82.7,99.4,81.2,43.0,85.9,93.3,56.6,66.8,92.1,97.0,100.0,71.4,78.6,68.8,93.4,70.6,75.3,55.1,83.6,64.7,76.2,95.4,83.2,98.2,51.2,57.2,30.0,92.9,82.5,51.6,91.2,61.1,81.8,10.6,83.3,47.1,52.8,85.5,82.5,51.7,78.5,90.9,71.4,59.4,71.7,92.0,74.0,72.2,0.0,71.1,75.0,94.5,100.0,49.8,73.8,97.9,74.4,73.2,75.0,93.1,62.8
JRip_caret,92.2,79.0,95.9,73.1,88.2,40.6,84.2,90.9,98.8,91.9,89.8,99.2,97.3,65.4,86.8,59.7,79.3,83.2,44.1,62.0,77.0,69.8,59.8,63.6,94.2,55.1,53.6,98.6,90.3,78.1,91.3,96.0,52.0,74.3,91.5,77.6,73.5,80.6,92.9,83.1,79.6,74.5,79.5,82.6,95.6,82.4,98.7,68.7,82.0,85.5,72.8,90.0,75.8,87.0,85.4,74.6,88.0,29.7,72.4,95.8,82.5,98.9,41.7,40.0,84.8,92.9,58.2,68.1,92.7,96.8,100.0,69.0,79.1,70.9,92.2,75.0,46.5,56.4,91.8,50.6,72.3,95.3,80.7,98.3,72.0,54.2,32.0,92.9,84.4,44.4,83.5,61.8,80.0,28.5,86.3,40.5,52.8,83.0,81.6,72.5,77.7,90.3,71.4,58.1,75.2,89.3,76.4,50.0,8.0,71.1,50.0,94.4,100.0,55.3,74.6,96.1,73.0,76.2,74.1,90.2,60.9
OneR_weka,63.3,83.0,90.2,49.0,78.5,35.7,57.2,82.4,75.2,82.0,80.0,81.6,93.7,56.0,86.7,67.1,76.4,76.7,4.0,58.2,75.6,67.9,54.6,56.6,89.6,55.0,44.7,70.9,63.7,62.5,89.0,92.7,50.1,64.5,83.3,77.6,58.6,73.8,50.2,75.4,78.9,73.2,53.8,76.1,63.4,61.2,94.6,52.9,46.8,85.4,19.5,88.0,23.0,17.3,85.5,61.5,88.0,9.8,68.8,84.5,81.8,67.6,40.0,28.4,70.9,64.2,40.4,67.6,75.2,96.9,91.6,19.8,53.9,70.8,78.5,75.0,31.6,54.7,84.6,19.7,34.6,94.6,24.7,69.9,50.0,45.5,28.5,82.1,74.9,45.0,52.5,62.9,69.6,14.1,85.2,6.8,52.7,80.3,65.4,43.7,74.7,33.0,59.8,54.5,69.1,90.9,63.9,58.3,44.0,70.0,75.0,95.8,98.5,56.1,70.2,70.0,64.0,70.1,58.2,71.2,54.3
OneR_caret,63.3,83.0,90.0,49.2,78.6,30.0,57.2,82.5,76.0,82.0,84.1,80.8,93.5,54.7,86.8,67.1,75.5,77.4,3.8,59.4,75.7,66.7,52.1,52.8,89.3,55.1,44.9,71.0,63.9,58.3,89.1,91.4,50.2,64.7,83.4,77.6,59.1,72.6,50.3,75.4,81.6,72.9,55.2,80.0,62.0,60.2,94.6,53.5,47.7,85.5,19.3,88.6,23.1,16.9,85.5,62.2,88.0,9.0,71.3,84.5,81.9,66.9,50.0,29.1,70.6,63.0,38.4,61.5,79.2,97.0,91.7,20.2,54.6,70.8,78.4,75.0,31.6,52.8,87.7,15.8,34.6,92.0,24.8,69.9,37.8,45.9,24.5,82.5,71.6,47.0,53.0,63.0,71.9,14.2,83.3,6.6,52.8,80.3,66.1,50.0,75.5,33.0,63.7,53.2,69.2,90.9,64.5,58.3,52.0,69.0,75.0,95.9,98.5,52.5,69.3,70.0,60.0,72.1,56.5,73.3,62.0
DTNB_weka,94.9,93.0,92.5,69.6,86.7,39.0,81.8,89.4,96.2,89.2,86.8,100.0,94.6,62.6,86.7,67.1,89.6,80.9,65.3,62.1,79.7,70.4,59.7,62.2,93.4,55.0,52.4,95.9,93.4,87.5,89.5,96.5,49.3,68.1,86.1,78.2,71.4,75.8,96.7,83.5,77.8,73.2,80.9,83.8,93.5,79.2,99.6,64.8,78.1,83.2,79.4,88.9,88.2,75.8,85.9,83.6,88.0,45.3,75.5,91.0,81.9,95.9,80.0,40.6,82.7,97.1,56.8,67.2,96.6,94.5,100.0,72.5,80.6,66.0,93.0,82.3,85.6,58.0,84.1,51.6,73.5,94.0,48.2,81.9,59.3,50.6,28.0,86.2,82.4,34.4,95.6,61.3,80.7,5.0,85.2,69.1,52.7,85.7,77.6,31.2,76.2,85.7,71.4,55.2,75.7,91.9,75.4,58.3,68.0,71.1,50.0,98.3,99.9,53.3,72.6,92.7,70.3,75.6,66.8,90.0,66.3
ZeroR_weka,51.8,76.0,84.5,34.6,57.5,39.0,23.0,68.6,40.4,71.9,64.1,50.8,89.7,35.5,74.5,67.1,49.0,67.7,0.9,34.6,54.7,71.3,30.9,18.8,62.7,55.0,42.7,33.3,50.0,62.5,49.8,65.5,49.3,67.0,32.3,67.6,54.2,48.3,30.6,75.3,63.9,73.5,33.8,79.3,14.1,46.0,79.1,25.7,27.2,67.1,10.1,88.4,10.1,4.0,55.5,56.5,88.0,1.0,70.2,46.8,53.6,52.2,40.0,25.4,64.8,50.4,31.1,67.8,39.8,97.1,58.3,11.0,33.9,51.4,60.5,60.2,12.7,54.1,75.3,6.6,9.0,32.0,16.2,65.3,40.6,44.8,28.0,77.8,51.9,34.4,16.6,61.3,55.5,14.2,86.2,1.0,47.2,76.3,42.5,56.2,76.2,10.3,71.4,42.5,76.2,8.0,53.3,50.0,0.0,71.1,50.0,92.7,51.7,41.9,70.0,70.0,60.9,65.1,57.7,40.5,52.1
DecisionTable_weka,84.3,76.0,94.2,66.7,84.8,39.0,80.4,87.4,90.9,88.3,86.3,100.0,95.8,60.2,86.7,67.1,76.4,81.9,22.7,61.1,78.3,70.6,61.3,59.4,92.6,55.0,52.0,95.0,78.7,79.1,89.7,94.9,49.3,68.6,87.6,77.9,67.0,76.1,91.2,82.9,78.9,73.2,72.9,77.4,87.4,73.9,99.7,65.6,66.3,83.2,59.3,89.7,54.7,64.3,84.2,78.3,88.0,28.3,76.2,91.0,81.9,94.3,50.0,42.4,82.5,78.5,54.7,67.2,90.4,97.1,100.0,68.9,72.4,66.9,90.3,85.2,53.9,56.4,82.0,39.1,62.7,94.0,46.7,78.2,56.2,51.4,28.0,90.3,81.5,34.4,78.3,61.3,74.0,14.2,86.2,20.7,52.7,85.2,75.0,31.2,76.2,68.8,71.4,57.2,75.7,80.7,71.6,58.3,84.0,71.1,46.4,98.0,100.0,54.2,72.6,92.7,67.3,75.0,65.6,87.1,65.2
ConjunctiveRule_weka,62.7,83.0,84.5,50.4,78.7,39.8,41.7,79.8,69.9,76.7,80.6,85.0,93.0,44.8,83.9,67.1,76.4,77.7,1.8,57.4,61.4,71.3,36.5,40.5,90.1,55.0,42.7,66.2,68.5,58.3,73.5,91.1,50.9,67.7,64.7,77.3,55.3,78.0,49.7,75.3,77.8,73.2,56.7,78.0,28.3,60.6,86.5,42.0,41.2,85.4,19.5,88.4,20.0,6.9,85.5,65.3,88.0,1.8,70.6,81.2,81.8,66.0,50.0,26.9,71.8,61.3,40.2,67.3,66.8,97.1,90.8,20.2,56.6,68.9,80.6,77.9,26.3,54.1,77.4,11.6,17.3,66.6,21.6,69.4,46.8,48.3,28.0,77.8,61.3,37.7,33.3,61.3,70.0,26.4,86.2,2.0,52.7,76.3,62.7,43.7,76.2,20.6,71.4,55.6,76.2,76.4,71.1,58.3,44.0,71.1,53.5,94.7,88.7,52.3,70.0,70.0,67.3,69.5,57.7,60.3,56.5
AdaBoostM1_weka,62.5,83.0,88.5,49.4,78.5,35.7,41.7,81.1,69.9,87.8,88.6,100.0,93.1,44.8,86.7,67.1,84.9,78.0,1.9,56.6,68.9,69.1,35.0,40.5,94.7,55.0,42.7,66.2,85.9,62.5,73.3,95.2,50.9,69.2,90.9,77.6,56.1,77.0,49.7,75.8,80.2,74.1,65.2,80.6,28.5,76.0,93.9,39.9,42.4,84.7,19.7,89.0,19.3,7.0,85.0,74.1,88.0,2.0,74.4,81.2,82.7,93.8,70.0,27.8,78.0,80.1,40.7,66.5,89.8,97.1,100.0,19.9,68.7,68.9,89.2,79.4,26.5,53.4,84.1,12.7,17.3,94.0,19.0,72.1,53.1,44.8,28.0,77.8,63.2,39.7,33.1,62.0,79.6,14.2,86.2,2.0,52.7,84.0,64.5,56.2,76.4,20.6,71.4,54.8,72.2,91.9,77.4,58.3,44.0,71.1,53.5,92.3,98.1,46.6,73.8,70.0,70.7,74.0,58.5,60.3,54.3
logitboost_R,90.7,81.0,95.2,67.0,91.2,33.1,82.8,90.6,99.0,84.8,90.3,100.0,96.0,69.0,76.0,0.0,90.4,71.8,77.1,50.0,81.8,58.9,62.0,66.3,96.5,43.9,33.5,83.4,94.8,75.0,84.8,93.6,27.4,71.1,92.3,62.9,70.6,79.5,94.8,52.7,74.7,50.7,81.0,79.5,96.5,91.5,98.7,74.8,82.3,75.8,85.4,84.3,86.9,75.3,77.8,76.9,70.0,47.2,54.2,92.2,66.2,92.9,87.5,39.0,68.2,88.5,42.4,49.3,98.9,95.9,98.3,69.0,78.9,58.7,90.3,64.7,84.6,52.3,89.3,70.6,90.0,94.7,14.0,79.9,46.9,24.3,28.0,92.0,90.2,52.6,98.7,15.6,76.1,24.2,85.6,72.1,50.0,66.6,83.0,81.2,51.6,92.5,50.0,41.4,68.5,92.0,82.7,59.3,0.0,40.9,85.7,96.4,100.0,56.7,50.1,79.9,65.8,61.3,70.8,95.0,67.4
LogitBoost_weka,93.6,94.0,91.3,73.6,88.3,37.3,84.7,90.7,98.8,88.2,91.4,100.0,96.8,71.9,83.0,66.6,83.9,84.5,68.6,63.3,81.0,69.4,61.8,63.2,95.2,55.0,55.3,90.9,86.0,83.3,90.2,95.2,49.5,75.1,91.9,77.8,72.1,80.3,97.2,76.1,81.2,73.8,82.9,78.7,95.5,87.0,99.9,69.8,83.4,81.6,81.7,89.6,89.8,73.7,86.2,77.3,88.0,49.1,73.7,90.7,82.9,93.8,60.0,49.3,81.5,85.1,60.3,67.6,96.6,97.1,100.0,72.7,83.3,63.1,91.6,79.4,90.9,59.4,85.6,66.3,80.9,94.6,33.6,72.9,53.1,53.1,32.5,92.6,87.0,53.6,94.1,60.2,80.7,38.5,90.1,66.3,52.7,84.9,82.1,56.2,76.4,85.6,62.6,57.9,73.2,91.9,75.9,60.1,68.0,64.4,85.7,98.9,98.3,60.0,74.4,87.2,70.8,74.3,73.2,96.0,64.1
RacedIncrementalLogitBoost_weka,81.9,76.0,89.1,34.6,57.5,39.0,52.0,68.6,95.9,89.5,64.1,50.8,96.1,35.5,74.5,67.1,49.0,67.7,1.0,60.7,54.7,71.3,30.9,18.8,62.7,55.0,42.7,89.7,85.9,62.5,49.8,65.5,49.3,67.0,32.3,77.6,54.2,48.3,30.6,79.0,63.9,73.5,80.8,79.3,83.8,46.0,99.8,25.7,53.7,67.1,10.1,89.2,78.3,70.8,55.5,56.5,88.0,1.0,70.2,46.8,53.6,75.9,40.0,25.4,82.3,84.2,31.1,67.8,39.8,97.0,58.3,11.0,80.9,51.4,86.2,60.2,12.7,54.1,75.3,6.6,9.0,32.0,31.3,65.3,40.6,50.1,28.0,86.5,51.9,34.4,16.6,61.3,55.5,14.2,86.2,1.0,47.2,85.0,42.5,56.2,76.2,84.3,71.4,42.5,76.2,8.0,53.3,50.0,0.0,71.1,50.0,98.0,97.4,41.9,70.0,70.0,60.9,65.1,57.7,40.5,52.1
MultiBoostAB_weka,63.3,83.0,84.5,49.4,79.1,35.7,41.7,81.6,69.9,86.6,84.9,100.0,93.1,44.8,86.7,67.1,83.0,77.0,1.9,57.4,66.2,71.3,35.0,40.5,93.4,55.0,42.7,66.2,79.5,70.8,73.6,94.5,50.8,68.5,89.0,77.6,56.6,77.7,49.7,75.3,80.2,74.5,58.3,78.0,28.5,73.4,93.9,39.9,42.4,85.4,19.7,88.4,19.3,7.0,85.5,72.4,88.0,2.0,72.7,81.2,81.8,66.0,50.0,27.8,73.4,65.2,40.7,66.2,87.6,97.1,100.0,19.9,61.4,68.9,84.9,82.3,26.5,53.4,83.5,12.7,17.3,94.0,19.0,67.9,53.1,44.8,28.0,77.8,62.7,39.7,33.1,61.3,75.9,14.2,86.2,2.0,52.7,78.3,64.5,43.7,76.2,20.6,70.3,54.8,75.7,91.9,73.5,58.3,44.0,70.0,53.5,94.7,93.5,46.6,70.4,70.0,68.7,72.7,57.7,60.3,53.2
Bagging_weka,93.4,95.0,96.6,75.7,89.1,35.7,88.1,90.2,99.3,92.8,90.3,98.3,97.0,68.6,86.7,66.2,81.1,84.8,64.9,63.6,79.7,69.2,64.4,66.9,95.0,55.0,55.6,99.2,93.5,66.6,90.3,95.1,56.2,79.3,90.4,78.1,72.7,82.5,96.4,85.0,80.9,73.8,81.7,82.5,96.3,84.3,99.9,72.3,84.8,85.4,79.0,89.7,90.3,89.1,86.2,82.1,88.0,53.0,73.0,95.0,82.1,99.1,60.0,46.0,86.9,93.4,59.9,66.2,93.8,97.1,99.1,71.4,81.7,67.9,93.5,85.2,83.5,57.0,83.5,65.5,87.4,95.3,77.2,97.2,62.5,61.2,35.0,93.2,86.0,51.6,92.0,59.7,79.2,18.9,86.2,64.6,52.7,85.7,78.2,56.2,76.7,91.8,69.2,63.6,75.7,91.9,74.0,61.1,92.0,70.0,75.0,98.9,100.0,59.0,74.9,96.2,73.2,75.0,79.0,92.0,57.6
ldaBag_R,82.3,90.0,94.3,68.4,93.3,49.2,82.6,90.8,64.9,90.2,86.6,100.0,94.7,59.3,83.7,67.1,80.8,81.4,75.2,64.3,85.8,73.8,43.8,74.0,95.4,57.8,50.7,90.1,97.9,87.5,83.2,96.3,64.9,79.0,95.7,77.2,57.5,82.7,97.3,75.4,83.1,75.0,86.6,78.8,91.7,87.7,94.6,78.4,74.8,86.4,87.3,90.2,93.3,70.5,87.1,74.8,85.0,48.6,69.4,85.0,79.8,94.3,87.5,44.2,78.6,76.4,61.1,66.6,99.4,96.5,100.0,73.3,85.4,63.5,88.7,86.8,87.0,59.5,87.8,59.7,71.2,98.7,27.0,97.6,56.2,53.0,33.5,89.1,85.2,46.7,98.5,62.2,86.0,28.0,84.6,80.1,52.8,82.6,86.9,75.0,76.5,83.0,65.8,59.4,76.5,82.4,69.2,59.5,56.0,65.9,53.6,93.8,93.9,64.4,78.4,82.6,74.6,78.6,79.4,99.0,73.9
nnetBag_R,81.7,76.0,84.5,8.0,91.6,24.2,23.1,69.1,69.9,80.5,88.1,100.0,89.8,31.9,76.9,66.4,86.5,82.7,1.0,66.0,66.9,73.8,20.8,19.2,98.2,58.3,53.8,41.3,97.9,79.2,87.9,95.7,65.5,82.4,94.7,77.9,58.4,82.1,30.4,75.4,84.5,72.7,86.1,79.5,14.7,90.1,79.2,37.5,18.0,81.1,10.1,88.5,9.9,3.9,86.3,86.1,88.0,1.0,71.5,84.4,80.7,96.0,100.0,30.5,87.4,90.1,32.1,66.1,99.4,97.2,100.0,9.6,86.0,73.1,90.9,86.8,6.6,56.6,86.7,6.7,9.1,97.4,10.0,97.6,50.0,22.7,24.0,77.8,38.7,50.0,16.7,61.0,87.1,14.3,84.6,1.0,55.6,76.4,45.2,75.0,76.5,10.4,69.6,11.2,76.0,73.8,79.3,70.8,44.0,72.7,71.4,92.7,90.6,33.7,73.8,70.1,75.6,75.7,82.9,48.0,73.9
MetaCost_weka,51.8,76.0,84.5,34.6,57.5,39.0,23.0,68.6,40.4,71.9,64.1,49.1,89.7,35.5,74.5,67.1,49.0,67.7,1.0,34.6,54.7,71.3,30.9,18.8,62.7,55.0,42.7,33.3,50.0,62.5,49.8,65.5,49.3,67.0,32.8,67.6,54.2,48.3,30.6,75.3,63.9,73.5,33.8,79.3,14.2,46.0,79.1,25.6,27.2,67.1,10.1,88.4,10.1,4.0,55.5,56.5,88.0,1.0,70.2,46.8,53.6,52.2,50.0,25.4,64.8,50.4,31.1,67.8,39.8,97.1,58.3,11.1,33.9,51.4,60.5,60.2,13.5,54.1,75.3,6.6,9.0,33.3,16.2,65.3,40.6,44.8,28.0,77.8,51.9,34.4,16.6,61.3,55.5,14.2,86.2,1.0,47.2,76.3,42.5,43.7,76.2,10.4,71.4,42.5,76.2,8.0,53.3,50.0,0.0,71.1,50.0,92.7,51.7,41.9,70.0,70.0,60.9,65.1,57.7,40.5,52.1
parRF_caret,95.2,94.0,97.7,79.0,92.5,41.4,91.0,92.8,99.6,93.8,93.2,100.0,97.5,78.0,84.0,65.7,88.7,85.2,83.4,65.1,87.9,68.4,70.1,71.7,96.8,55.1,55.1,99.7,97.2,83.3,92.1,96.6,55.3,81.6,94.3,79.1,77.4,86.4,97.8,87.4,82.3,67.7,85.7,82.6,97.8,85.3,100.0,75.8,88.1,84.7,94.1,89.9,97.0,96.4,87.5,89.9,88.0,63.9,73.1,97.8,80.9,99.4,91.7,49.4,88.0,96.6,63.0,67.7,98.9,97.1,100.0,71.7,85.7,74.8,95.1,88.2,89.6,59.4,89.2,82.5,99.4,96.7,86.4,99.1,60.0,68.6,37.4,94.3,90.4,62.1,98.3,62.5,83.0,28.6,88.2,86.2,53.7,86.1,87.2,66.7,74.9,95.5,71.4,69.0,80.9,92.0,82.7,61.1,12.0,61.2,92.9,98.9,100.0,64.9,77.1,98.3,80.3,76.6,81.4,98.1,65.1
RotationForest_weka,92.9,88.0,97.9,76.8,92.7,34.9,90.2,92.1,97.0,93.2,94.0,100.0,97.3,69.6,86.7,66.6,84.9,87.4,76.6,65.1,84.4,69.9,63.4,69.8,97.3,61.4,52.1,99.5,96.6,75.0,91.7,97.2,64.0,83.4,93.3,78.8,73.4,83.8,98.3,87.3,79.5,73.8,83.8,80.6,98.1,90.5,99.9,77.4,85.7,83.2,88.8,89.7,95.0,94.4,86.5,88.8,88.0,64.8,72.0,97.1,82.4,99.2,80.0,44.5,86.6,96.7,60.3,67.1,97.7,97.2,100.0,71.2,84.4,67.9,95.4,83.8,82.1,56.7,91.2,84.4,98.4,96.0,83.7,97.0,62.5,67.2,33.5,93.6,89.4,58.9,97.3,59.7,80.7,43.2,85.2,73.7,53.7,86.0,85.4,62.5,77.6,96.1,71.4,64.3,78.2,91.9,81.7,57.6,32.0,70.0,46.4,97.6,100.0,60.0,76.7,97.5,77.9,75.9,80.7,94.0,67.3
RandomCommittee_weka,91.1,96.0,97.7,78.6,91.5,32.5,89.9,91.5,99.4,92.9,93.4,100.0,97.0,76.1,82.0,65.7,82.0,83.8,71.2,60.6,81.0,68.4,65.9,73.5,96.6,57.7,49.8,99.6,93.7,83.3,92.4,95.5,54.6,79.0,91.9,79.0,69.2,84.1,97.8,85.6,78.2,64.0,81.8,81.2,97.9,78.5,99.9,74.2,86.2,82.4,88.0,89.1,95.5,94.4,86.3,88.8,86.0,58.6,67.1,96.4,76.0,98.9,70.0,38.7,87.0,94.1,57.9,62.6,95.5,97.1,100.0,69.7,81.6,68.9,94.7,88.2,92.5,58.4,90.2,75.2,95.4,94.0,80.3,96.8,53.1,65.7,34.5,94.1,87.9,60.9,97.0,58.8,77.0,29.1,85.2,68.7,57.4,84.0,83.0,62.5,70.3,95.3,63.1,65.5,75.2,91.9,82.6,61.1,80.0,61.1,89.2,98.7,100.0,54.2,74.7,97.6,78.5,73.9,77.0,97.0,67.3
OrdinalClassClassifier_weka,91.7,29.0,96.6,66.2,85.7,33.3,80.5,89.0,99.0,90.1,90.5,100.0,96.7,66.8,85.8,64.3,79.2,80.3,12.1,61.6,75.6,71.5,55.6,65.0,92.7,66.8,50.7,99.3,84.7,62.5,90.6,95.5,49.3,73.5,85.2,78.7,54.8,81.2,91.5,83.9,76.5,72.8,73.1,77.4,94.4,81.9,96.6,72.3,78.8,84.7,61.5,88.8,63.4,75.4,84.6,81.7,88.0,14.8,70.6,96.0,82.6,99.3,80.0,35.1,84.9,90.2,56.2,63.6,93.2,95.8,100.0,68.8,74.3,66.0,92.8,70.5,66.7,52.4,84.6,48.3,67.0,94.6,78.7,93.7,53.1,56.9,33.5,91.9,78.3,47.0,84.5,61.3,77.4,23.9,83.3,12.6,52.7,84.0,79.7,50.0,77.2,83.5,71.4,60.6,73.2,90.9,75.4,72.2,36.0,68.8,89.2,92.9,100.0,49.5,73.7,96.7,71.2,73.3,73.1,94.0,64.1
MultiScheme_weka,51.8,76.0,84.5,34.6,57.5,39.0,23.0,68.6,40.4,71.9,64.1,50.8,89.7,35.5,74.5,67.1,49.0,67.7,0.9,34.6,54.7,71.3,30.9,18.8,62.7,55.0,42.7,33.3,50.0,62.5,49.8,65.5,49.3,67.0,32.3,67.6,54.2,48.3,30.6,75.3,63.9,73.5,33.8,79.3,14.1,46.0,79.1,25.7,27.2,67.1,10.1,88.4,10.1,4.0,55.5,56.5,88.0,1.0,70.2,46.8,53.6,52.2,40.0,25.4,64.8,50.4,31.1,67.8,39.8,97.1,58.3,11.0,33.9,51.4,60.5,60.2,12.7,54.1,75.3,6.6,9.0,32.0,16.2,65.3,40.6,44.8,28.0,77.8,51.9,34.4,16.6,61.3,55.5,14.2,86.2,1.0,47.2,76.3,42.5,56.2,76.2,10.3,71.4,42.5,76.2,8.0,53.3,50.0,0.0,71.1,50.0,92.7,51.7,41.9,70.0,70.0,60.9,65.1,57.7,40.5,52.1
MultiClassClassifier_weka,84.0,87.0,95.2,70.5,91.2,34.9,81.8,91.5,69.2,86.7,86.3,100.0,95.7,64.0,81.1,67.3,79.2,84.5,64.1,65.3,79.7,73.0,43.2,65.0,94.3,59.3,51.3,89.8,97.7,83.3,88.2,96.4,65.8,81.8,93.8,77.6,51.3,84.8,95.0,75.4,81.6,74.8,86.8,81.2,92.4,86.2,93.6,78.8,79.1,84.7,72.3,89.5,91.0,72.2,86.3,84.0,85.0,28.8,72.7,88.5,82.5,97.6,60.0,40.9,79.1,76.2,58.2,66.6,97.1,96.2,100.0,73.0,86.8,62.1,92.2,88.2,88.0,58.0,87.1,57.7,70.5,96.6,28.3,98.3,50.0,53.6,30.5,89.2,77.7,52.9,92.0,60.0,83.3,25.3,87.2,55.9,56.2,84.3,86.3,62.5,77.4,85.4,68.1,58.8,76.7,88.2,70.6,58.7,64.0,61.1,53.5,94.9,95.1,56.1,76.7,81.4,71.4,76.6,80.2,95.0,66.3
CostSensitiveClassifier_weka,51.8,76.0,84.5,34.6,57.5,39.0,23.0,68.6,40.4,71.9,64.1,50.8,89.7,35.5,74.5,67.1,49.0,67.7,0.9,34.6,54.7,71.3,30.9,18.8,62.7,55.0,42.7,33.3,50.0,62.5,49.8,65.5,49.3,67.0,32.3,67.6,54.2,48.3,30.6,75.3,63.9,73.5,33.8,79.3,14.1,46.0,79.1,25.7,27.2,67.1,10.1,88.4,10.1,4.0,55.5,56.5,88.0,1.0,70.2,46.8,53.6,52.2,40.0,25.4,64.8,50.4,31.1,67.8,39.8,97.1,58.3,11.0,33.9,51.4,60.5,60.2,12.7,54.1,75.3,6.6,9.0,32.0,16.2,65.3,40.6,44.8,28.0,77.8,51.9,34.4,16.6,61.3,55.5,14.2,86.2,1.0,47.2,76.3,42.5,56.2,76.2,10.3,71.4,42.5,76.2,8.0,53.3,50.0,0.0,71.1,50.0,92.7,51.7,41.9,70.0,70.0,60.9,65.1,57.7,40.5,52.1
END_weka,92.8,39.0,96.6,78.9,89.0,33.3,88.6,90.6,99.5,90.1,90.5,100.0,97.2,71.9,87.7,64.3,79.2,80.3,72.4,63.5,75.0,71.5,66.4,68.8,92.7,66.8,55.1,99.3,84.7,75.0,90.7,95.5,49.3,73.5,89.0,78.7,74.1,82.5,97.5,83.9,76.5,72.8,77.2,77.4,97.6,80.9,98.6,73.6,86.8,84.7,89.5,88.8,80.8,94.1,84.6,81.7,88.0,53.0,70.6,95.7,82.6,99.3,80.0,49.3,84.9,90.2,59.9,63.6,93.2,95.8,100.0,72.5,79.3,69.9,92.8,70.5,84.0,55.4,84.6,73.6,95.6,94.6,85.4,93.7,43.7,62.1,37.0,92.1,86.2,49.0,93.5,61.3,77.4,19.4,83.3,67.7,52.7,84.0,85.7,50.0,77.2,94.6,71.4,63.8,73.2,90.9,75.4,72.2,48.0,68.8,89.2,93.0,100.0,63.8,73.7,97.1,71.2,73.3,73.1,93.0,64.1
Dagging_weka,81.5,84.0,93.2,66.6,86.6,31.7,83.1,90.6,69.2,83.7,82.6,97.5,91.8,51.4,85.8,67.1,83.0,70.3,53.8,60.1,82.4,71.3,47.9,57.5,95.7,55.0,51.0,90.0,97.7,62.5,83.9,96.2,53.9,69.0,91.4,77.6,60.6,71.2,96.4,75.3,81.2,73.8,85.9,82.5,87.8,88.4,95.3,65.4,71.5,83.9,88.4,88.4,95.6,72.7,85.6,80.2,88.0,37.5,72.7,81.5,81.0,94.4,40.0,45.1,78.7,77.4,45.5,67.6,96.6,97.1,100.0,74.1,86.5,68.9,89.3,91.1,71.5,58.7,85.6,50.0,48.7,87.3,27.0,81.2,43.7,51.3,33.5,87.4,86.6,49.0,96.8,61.3,82.9,16.8,86.2,68.8,71.7,83.6,74.1,62.5,76.2,91.3,71.4,57.5,76.7,91.9,76.9,61.5,52.0,71.1,60.7,93.2,94.6,53.3,73.8,78.2,70.8,73.4,69.9,78.2,63.0
glm_R,26.6,85.0,95.5,26.0,73.4,43.5,49.4,72.8,23.3,91.1,88.4,100.0,89.0,37.0,18.3,67.4,70.2,85.9,1.4,56.9,7.4,77.4,20.8,34.6,94.7,59.4,34.0,56.4,97.9,33.3,4.6,96.6,56.6,32.8,13.0,77.3,25.7,63.5,71.5,75.4,83.4,75.0,23.7,80.8,34.2,8.3,71.0,51.4,15.5,80.3,19.8,89.6,21.1,5.0,87.6,73.3,84.0,0.6,70.1,5.5,82.3,97.6,50.0,11.6,79.3,75.6,36.1,66.4,1.7,96.2,100.0,16.1,25.1,18.3,92.2,88.2,21.3,19.7,84.2,8.3,19.0,0.7,6.9,97.6,62.5,22.4,23.0,6.3,59.8,31.6,12.7,62.2,86.4,14.2,83.7,1.8,56.2,84.3,20.5,81.2,76.7,15.1,66.8,15.9,75.5,86.1,67.8,58.8,32.0,43.2,64.3,5.7,95.4,30.8,78.0,1.7,74.4,78.9,42.1,1.0,18.5
glmnet_R,84.8,92.0,93.7,70.5,92.5,53.2,83.1,90.8,68.8,85.3,87.5,100.0,95.8,62.5,82.7,67.1,87.5,86.5,74.4,63.1,83.1,76.4,42.7,70.2,96.8,59.4,50.5,90.5,97.9,83.3,84.9,96.3,69.0,78.3,93.3,77.2,68.4,86.5,97.6,75.4,82.8,74.0,87.4,81.4,94.2,87.3,92.4,79.1,82.1,82.6,91.4,89.3,95.0,77.6,86.3,80.0,84.0,32.6,69.8,87.4,82.1,96.9,87.5,47.9,78.8,75.8,60.6,67.6,99.4,97.0,100.0,73.7,86.8,68.3,92.1,91.2,91.8,59.5,85.2,73.3,82.7,97.4,27.8,97.6,46.9,54.0,33.5,90.0,91.5,46.7,98.8,61.9,87.1,25.5,83.7,55.6,56.5,84.1,86.6,81.2,77.1,90.6,68.5,60.8,81.0,92.0,73.1,60.2,48.0,62.5,53.6,95.7,94.2,57.7,77.6,83.7,75.6,78.4,79.9,95.0,68.5
mlm_R,84.5,86.0,95.5,71.0,91.8,50.8,83.6,91.5,69.9,90.9,88.4,100.0,96.1,60.2,80.8,67.4,79.8,86.9,76.6,64.9,81.8,77.4,30.7,63.5,94.2,59.4,50.8,90.9,97.9,83.3,87.2,96.6,65.7,82.4,93.3,77.3,52.4,85.6,96.7,75.4,83.4,75.0,87.0,80.8,95.4,89.4,96.7,80.1,82.1,80.3,57.9,89.6,94.0,77.4,87.6,79.0,84.0,53.3,70.1,88.5,82.3,97.6,87.5,45.1,79.3,75.6,60.6,66.4,98.9,96.3,100.0,74.1,86.9,67.3,92.2,88.2,85.1,59.2,86.2,64.7,81.0,98.7,27.7,97.6,46.9,54.0,35.5,89.5,76.3,47.4,86.8,62.2,86.4,46.8,83.7,73.3,56.2,84.3,84.2,81.2,76.7,92.4,66.8,60.2,75.0,73.8,70.2,58.8,52.0,59.1,53.6,95.8,95.5,55.8,78.0,83.8,74.4,78.9,79.8,96.0,67.4
bayesglm_caret,42.4,76.0,94.9,12.8,56.7,38.2,33.6,28.1,36.4,91.1,89.5,100.0,92.5,47.3,17.0,67.4,77.2,84.2,1.3,50.8,54.7,73.4,30.9,28.3,97.0,59.9,40.4,33.3,97.8,33.2,73.6,96.9,60.4,82.0,63.3,77.6,48.0,39.0,47.0,75.4,83.4,74.5,56.2,80.7,28.4,46.1,78.1,49.1,38.8,80.2,19.9,89.4,19.6,7.2,85.7,86.3,86.0,1.3,70.3,59.0,82.6,97.4,87.5,20.6,79.1,76.3,29.9,66.4,73.0,97.0,100.0,14.9,55.3,33.1,92.6,86.8,5.9,58.1,86.7,11.9,16.9,66.7,0.1,98.3,39.7,3.3,29.5,83.2,63.5,41.0,17.0,60.7,85.6,28.4,86.3,1.1,56.2,84.3,63.1,68.8,77.3,19.4,71.4,3.4,81.3,92.0,75.0,59.0,60.0,65.7,60.7,6.8,94.8,18.1,76.6,72.1,72.3,77.1,80.3,60.4,62.1
knn_R,70.9,86.0,97.0,74.2,90.1,41.1,90.0,88.7,87.6,89.5,85.5,100.0,96.0,63.0,86.5,64.8,72.1,79.5,77.7,63.3,79.1,71.1,44.8,75.0,96.7,55.6,52.0,96.0,97.5,87.5,87.4,96.1,55.8,73.0,90.4,78.4,61.9,75.0,96.7,82.0,83.8,74.3,83.5,84.0,95.8,88.3,99.9,70.3,78.2,82.6,91.7,89.3,96.8,94.9,85.9,85.3,85.0,64.4,72.6,91.8,78.8,93.1,75.0,46.0,84.3,74.2,60.2,68.3,97.2,97.0,100.0,73.1,85.0,67.3,90.9,83.8,83.8,59.5,92.9,84.7,100.0,95.4,72.7,100.0,43.8,63.6,26.0,90.8,88.3,55.9,97.2,62.8,85.7,19.6,85.6,74.2,55.1,84.0,86.9,68.8,77.8,97.3,69.6,63.1,76.0,91.4,80.3,60.6,48.0,72.7,85.7,94.3,100.0,66.3,74.1,94.7,74.0,78.0,75.2,96.0,76.1
knn_caret,71.6,92.0,96.6,74.5,89.1,48.0,89.9,91.1,85.5,89.6,84.6,100.0,96.5,68.7,86.8,64.1,81.3,82.2,76.6,65.0,81.7,71.0,46.9,66.0,96.7,55.1,51.2,95.7,97.4,67.6,90.6,96.9,51.0,76.3,93.4,78.2,59.1,80.3,97.0,82.4,84.7,76.2,82.8,85.8,93.9,89.9,99.9,70.9,73.8,84.7,90.2,89.4,96.1,94.4,85.2,87.2,88.0,57.4,74.8,89.7,81.0,93.6,66.7,45.2,83.9,68.4,60.2,66.2,96.6,97.2,100.0,70.0,84.6,72.8,90.5,83.8,82.2,58.8,90.7,70.6,98.3,94.7,72.3,99.5,54.0,55.0,38.5,90.0,86.8,56.3,97.2,62.3,85.9,26.8,87.3,75.7,55.3,84.0,87.2,56.7,79.0,97.2,71.4,58.0,77.8,92.0,81.7,58.8,40.0,71.1,85.7,94.2,100.0,57.3,73.0,95.1,75.8,75.7,76.0,93.2,68.5
IBk_weka,63.2,94.0,95.5,70.7,90.1,39.0,88.5,90.6,87.9,85.7,86.0,100.0,95.7,70.5,57.5,65.2,69.8,79.0,79.0,58.0,77.0,65.0,47.4,69.8,94.9,55.6,42.6,88.8,94.7,91.6,79.0,95.8,55.4,69.3,92.3,79.0,54.8,77.7,95.6,70.8,79.2,65.3,74.6,83.2,96.6,81.1,99.9,69.2,77.5,75.5,90.3,85.7,98.1,95.3,82.3,85.5,84.0,64.2,69.9,77.9,74.0,94.3,70.0,35.1,80.7,74.7,51.2,54.9,94.9,95.5,100.0,69.5,77.4,53.3,90.5,73.5,84.8,53.7,93.8,83.0,100.0,96.0,61.3,100.0,50.0,62.9,33.5,91.2,83.6,55.6,96.5,59.5,75.5,23.5,84.3,73.3,54.6,79.3,81.5,68.7,70.3,97.2,60.4,61.3,65.1,91.9,86.0,69.4,68.0,56.6,85.7,91.3,100.0,32.3,68.3,96.3,68.9,73.3,74.1,96.0,48.9
IB1_weka,63.2,94.0,95.5,70.7,90.1,39.0,88.5,90.6,87.9,85.7,86.0,100.0,95.6,70.5,84.9,65.2,69.8,79.0,79.0,58.0,77.0,65.0,47.4,69.8,94.9,49.7,42.1,88.2,94.7,87.5,79.0,95.8,55.4,69.3,92.3,76.1,54.8,77.7,95.6,70.8,79.2,64.0,74.6,83.2,96.6,80.4,99.9,69.2,77.6,75.5,90.4,85.7,98.1,95.3,82.3,85.5,84.0,64.2,70.2,77.9,74.8,90.0,70.0,34.2,80.7,74.7,51.2,54.9,94.9,95.5,100.0,63.7,77.4,66.0,90.5,73.5,84.8,53.7,93.8,83.0,100.0,96.0,61.2,100.0,50.0,62.9,33.5,91.2,83.6,55.6,96.5,56.0,75.5,23.5,85.2,73.3,54.6,79.3,81.5,75.0,67.2,97.2,60.4,61.3,65.1,91.9,86.0,69.4,68.0,54.4,82.1,91.3,100.0,56.1,68.3,96.1,68.9,73.3,74.1,97.0,66.3
spls_R,45.1,76.0,84.5,18.7,56.0,39.5,47.7,71.0,39.7,31.7,40.3,74.2,90.1,52.3,47.1,67.1,73.1,66.7,1.8,51.0,65.5,71.9,28.1,34.6,74.1,55.1,43.3,56.3,65.2,62.5,73.7,77.7,49.8,67.6,51.0,67.8,23.7,43.6,57.3,75.4,66.2,73.4,47.2,30.8,33.7,34.3,82.9,37.5,23.6,85.6,22.8,88.5,21.7,4.6,51.2,59.7,88.0,1.4,69.4,65.4,55.0,55.3,75.0,15.9,67.8,49.6,30.8,32.1,56.2,97.2,84.2,16.7,46.6,37.5,67.7,61.8,19.9,61.2,37.8,11.9,22.1,67.8,8.5,54.3,43.8,45.0,40.0,80.6,63.7,35.5,39.3,61.2,63.6,27.2,84.6,1.8,72.2,76.9,58.6,81.2,76.2,18.1,69.6,49.8,76.0,91.4,53.8,60.2,20.0,70.5,50.0,25.6,74.8,38.5,70.0,58.0,41.6,65.2,66.3,83.0,60.9
simpls_R,54.8,79.0,92.1,23.5,67.3,42.7,41.6,72.7,44.9,83.9,85.8,100.0,88.7,48.6,69.2,67.4,82.7,82.1,1.3,58.4,85.1,71.9,21.9,38.5,96.1,57.2,31.5,23.3,97.9,66.7,82.6,95.9,72.4,75.6,74.5,77.5,23.2,67.3,67.9,75.4,85.8,74.0,49.6,80.8,38.1,84.0,72.9,48.8,18.8,86.4,22.8,89.2,22.4,5.2,86.2,78.6,88.0,0.9,69.1,87.8,79.0,94.6,87.5,9.8,78.0,76.5,34.3,67.4,92.6,97.2,99.2,11.1,47.4,40.4,88.3,86.8,21.3,49.7,87.8,10.0,18.0,97.4,11.0,97.6,59.4,51.8,37.5,83.4,54.1,34.9,38.7,62.2,87.1,12.0,85.6,1.8,53.9,82.2,52.1,87.5,76.9,16.9,69.0,59.4,79.0,90.4,75.0,58.8,12.0,25.0,53.6,93.0,93.9,34.6,77.0,77.5,75.0,78.8,75.9,87.0,70.7
SimpleLogistic_weka,84.3,92.0,92.7,71.3,92.6,34.1,84.2,91.3,70.3,85.3,87.4,100.0,96.4,62.1,86.7,67.1,81.1,85.1,78.9,64.7,79.7,71.5,52.0,66.9,97.1,58.8,51.6,90.5,97.8,79.1,86.7,96.1,56.9,78.1,95.2,77.6,72.3,85.1,97.2,75.4,80.6,74.1,86.6,80.0,94.7,88.0,96.5,78.0,82.0,85.4,90.4,89.4,95.3,77.4,84.9,82.1,88.0,61.4,73.7,88.6,82.3,97.0,50.0,46.9,79.1,76.4,58.8,67.8,98.3,97.0,100.0,72.7,86.7,63.1,92.6,91.1,90.9,59.0,84.1,76.1,82.0,95.3,28.2,97.5,62.5,53.5,34.5,89.3,90.5,52.3,98.5,60.4,83.3,34.5,85.2,79.3,56.9,84.2,86.9,31.2,77.1,91.7,71.4,59.5,74.7,91.4,74.5,63.8,76.0,71.1,60.7,95.7,94.0,55.2,76.4,83.0,70.7,76.6,76.5,96.0,69.5
multinom_caret,84.5,92.0,95.2,71.5,93.0,40.7,83.9,92.9,70.5,91.0,85.5,100.0,96.5,65.0,84.9,67.1,72.7,85.8,76.6,65.0,85.8,72.7,46.5,70.1,97.5,62.0,51.9,90.6,97.7,83.1,89.5,96.3,65.7,81.9,96.7,77.6,50.2,86.5,96.7,75.4,82.3,74.2,86.7,83.3,95.6,88.8,96.8,79.7,81.7,80.1,57.9,89.4,94.8,76.7,85.8,83.8,86.0,53.3,69.9,87.9,82.6,97.5,83.3,44.6,79.0,76.2,59.1,66.7,97.8,96.5,100.0,73.2,86.9,62.2,92.9,88.2,90.2,58.1,88.7,64.7,81.0,97.3,28.1,98.3,53.9,53.7,32.1,89.5,91.7,50.3,98.7,58.4,83.3,80.9,88.3,73.3,59.3,84.3,87.2,64.2,77.1,92.4,69.8,59.9,79.8,62.6,75.0,60.0,52.0,66.7,53.6,95.8,95.0,58.0,77.0,82.9,72.7,77.6,80.8,96.0,70.5
gcvEarth_caret,95.7,88.0,97.3,72.9,93.4,39.1,88.0,92.0,91.4,91.0,83.2,100.0,96.5,67.4,86.8,67.1,87.7,83.3,61.2,65.9,80.4,71.2,66.0,62.1,94.7,57.8,54.9,91.7,97.7,74.5,91.3,96.3,62.0,84.1,91.9,77.8,68.8,84.5,95.4,83.2,82.3,74.5,86.5,80.0,95.7,91.2,99.6,78.4,83.3,80.9,79.0,89.8,92.5,78.3,86.9,81.9,86.0,24.7,76.2,95.6,83.0,96.5,75.0,44.2,85.1,98.1,59.6,68.0,99.4,95.1,100.0,71.8,86.2,70.9,93.8,80.9,90.4,56.4,88.7,67.2,76.0,95.2,32.3,98.0,47.6,54.4,30.5,91.1,81.6,43.2,94.2,62.8,82.6,30.8,88.2,47.1,52.8,85.2,82.4,44.2,78.1,93.0,71.4,58.8,70.3,85.6,66.3,58.3,12.0,71.1,85.7,98.2,100.0,53.5,74.4,89.4,71.9,77.7,80.8,95.0,65.3
pam_caret,58.9,83.0,85.2,60.8,78.7,43.1,78.7,88.3,64.2,76.6,84.0,100.0,91.4,55.6,79.3,67.1,83.0,72.3,68.4,57.5,82.5,71.4,50.0,58.4,93.7,57.2,44.5,88.8,97.9,62.6,88.5,95.4,50.8,67.0,90.0,69.7,71.5,70.3,96.2,75.4,82.3,73.5,80.3,80.7,86.3,88.2,89.4,44.9,67.7,82.4,84.0,88.5,89.3,58.0,84.2,73.7,88.0,39.4,70.6,81.2,80.0,90.8,83.3,44.0,72.1,77.4,47.0,67.8,97.2,97.1,92.4,74.0,80.7,68.1,84.8,83.8,83.8,57.1,82.6,57.8,62.1,93.3,22.9,65.3,59.8,47.6,33.5,85.3,76.8,56.3,90.0,61.4,84.8,38.5,86.3,68.9,52.8,77.1,80.4,56.7,76.6,78.0,71.4,56.2,77.3,92.0,72.6,60.2,52.0,71.1,64.3,93.4,88.9,49.5,70.9,70.0,66.2,71.0,60.5,95.1,63.0
VFI_weka,42.7,55.0,78.8,54.5,72.1,26.8,70.2,85.1,92.0,29.1,93.4,98.3,88.1,57.0,81.1,66.6,66.9,74.8,52.8,43.6,81.0,47.6,44.3,62.2,91.9,55.0,42.6,73.6,55.9,70.8,81.3,92.1,51.6,45.4,86.6,77.6,47.3,73.5,93.1,62.2,83.3,59.8,56.4,72.2,77.5,66.0,73.5,53.1,51.5,83.2,78.4,54.8,84.0,61.3,78.6,80.2,59.0,37.1,68.1,81.2,60.7,80.8,70.0,33.0,66.6,92.4,48.5,49.5,96.6,60.1,91.6,73.9,55.5,49.5,70.0,79.4,71.0,45.2,72.8,56.6,71.4,94.6,17.2,70.9,50.0,28.2,32.0,77.1,78.5,45.6,93.5,52.4,77.0,14.9,62.7,61.0,52.7,63.5,74.7,75.0,37.4,74.0,41.2,36.2,61.6,91.9,59.1,60.6,64.0,28.8,75.0,97.0,78.9,38.0,63.7,70.2,67.7,58.2,57.0,91.0,66.3
HyperPipes_weka,35.7,76.0,85.8,39.2,78.0,30.8,50.2,85.4,93.1,29.1,35.8,50.8,91.5,50.4,64.1,67.1,69.8,67.4,62.1,36.9,54.0,72.5,32.9,61.3,93.1,57.7,42.7,62.4,54.7,79.1,50.3,88.9,49.3,45.2,81.4,67.6,62.8,66.7,90.1,75.3,64.9,73.2,46.3,60.6,76.4,7.8,84.4,38.0,43.6,83.9,26.5,88.4,10.0,22.7,44.4,72.6,86.0,32.5,70.2,47.3,55.0,66.0,80.0,25.4,66.6,49.5,32.9,33.3,89.3,97.1,83.3,9.7,45.0,37.8,65.0,60.2,11.1,54.4,73.8,56.9,49.1,92.6,9.9,34.6,75.0,5.3,23.5,83.0,73.4,39.7,96.1,61.3,55.5,13.3,86.2,75.0,47.2,76.8,70.2,56.2,76.2,26.5,68.1,12.0,75.2,91.4,63.9,41.6,0.0,71.1,53.5,92.7,62.7,31.4,69.8,73.7,46.0,65.7,56.7,94.0,36.9
Vote_weka,51.8,76.0,84.5,34.6,57.5,39.0,23.0,68.6,40.4,71.9,64.1,50.8,89.7,35.5,74.5,67.1,49.0,67.7,0.9,34.6,54.7,71.3,30.9,18.8,62.7,55.0,42.7,33.3,50.0,62.5,49.8,65.5,49.3,67.0,32.3,67.6,54.2,48.3,30.6,75.3,63.9,73.5,33.8,79.3,14.1,46.0,79.1,25.7,27.2,67.1,10.1,88.4,10.1,4.0,55.5,56.5,88.0,1.0,70.2,46.8,53.6,52.2,40.0,25.4,64.8,50.4,31.1,67.8,39.8,97.1,58.3,11.0,33.9,51.4,60.5,60.2,12.7,54.1,75.3,6.6,9.0,32.0,16.2,65.3,40.6,44.8,28.0,77.8,51.9,34.4,16.6,61.3,55.5,14.2,86.2,1.0,47.2,76.3,42.5,56.2,76.2,10.3,71.4,42.5,76.2,8.0,53.3,50.0,0.0,71.1,50.0,92.7,51.7,41.9,70.0,70.0,60.9,65.1,57.7,40.5,52.1
FilteredClassifier_weka,93.8,89.0,95.6,73.1,86.8,39.0,82.4,88.2,95.9,88.4,87.1,100.0,96.3,64.0,86.7,67.1,86.7,81.9,45.0,62.0,70.2,69.6,61.3,56.6,94.3,55.0,50.9,98.2,80.4,58.3,88.2,94.8,49.3,72.5,90.9,77.6,70.7,75.8,96.1,84.6,77.5,73.2,75.1,80.0,94.4,75.0,99.8,67.6,80.4,85.4,74.7,89.4,74.0,77.3,85.6,84.6,88.0,42.2,73.0,90.1,82.1,96.1,50.0,42.1,84.1,83.8,55.5,67.8,88.2,96.8,100.0,70.9,74.6,68.9,92.2,86.7,89.8,55.1,85.6,54.7,74.4,94.0,52.2,69.9,50.0,54.0,28.0,92.1,84.3,34.4,90.1,61.3,80.7,15.2,86.2,40.7,52.7,85.7,77.3,56.2,76.2,69.4,71.4,57.7,76.2,91.9,73.5,58.3,68.0,71.1,53.5,98.6,100.0,50.4,72.9,92.0,67.5,75.2,68.5,95.0,59.7
ClassificationViaClustering_weka,48.0,2.0,53.7,40.3,77.6,26.0,67.2,76.7,40.9,73.8,69.5,71.6,40.3,36.9,63.2,37.7,65.0,66.7,2.0,53.7,39.1,58.4,27.3,44.3,92.6,48.3,40.8,34.2,97.6,41.6,51.0,95.7,50.1,58.7,89.0,75.2,28.0,44.1,74.5,53.6,81.6,48.6,49.4,67.7,60.7,56.3,42.4,33.8,36.2,70.9,56.8,63.8,70.8,5.1,70.5,54.2,49.0,2.0,72.3,63.6,78.9,55.7,40.0,51.1,58.6,75.3,37.6,65.7,95.5,64.5,64.1,57.2,49.4,47.5,70.3,58.8,30.8,30.0,54.3,33.6,31.6,88.0,17.7,59.8,40.6,25.6,24.0,44.4,38.0,43.0,61.3,57.7,75.5,17.4,65.6,2.0,52.7,49.6,56.5,18.7,58.5,64.3,54.3,27.7,59.5,91.9,55.2,50.0,52.0,35.5,21.4,62.5,63.7,26.6,57.6,34.6,56.8,62.7,48.2,59.4,56.5
AttributeSelectedClassifier_weka,93.0,80.0,95.4,74.2,88.1,35.7,85.7,88.5,99.2,89.4,90.5,100.0,97.1,70.5,85.8,67.1,83.9,81.2,49.3,59.6,72.9,71.5,67.5,66.9,93.4,57.7,54.2,97.6,84.7,79.1,89.4,95.5,49.3,73.3,89.0,77.6,69.9,76.7,95.9,78.3,76.1,73.2,76.4,76.7,96.8,78.8,95.4,67.1,80.3,83.2,75.5,89.4,69.7,87.3,85.6,79.4,88.0,44.2,72.7,93.4,82.2,94.0,50.0,42.4,83.1,90.2,55.8,66.9,91.5,96.5,100.0,70.9,76.9,68.9,92.6,86.7,80.3,59.7,88.2,64.4,76.6,95.3,78.5,80.1,53.1,55.7,33.5,92.6,83.4,39.0,90.1,61.6,77.4,14.2,86.2,45.5,52.7,85.7,78.2,43.7,75.6,89.1,71.4,57.8,76.2,91.9,78.3,66.6,72.0,71.1,89.2,97.8,99.4,58.0,74.3,96.1,67.3,73.1,70.6,90.0,63.0
ClassificationViaRegression_weka,90.2,92.0,95.9,74.2,92.1,42.2,88.3,92.1,98.8,91.7,90.0,100.0,97.4,71.4,86.7,67.1,79.2,85.8,62.7,66.0,80.4,71.0,59.2,66.9,94.3,58.2,55.8,99.3,89.5,79.1,90.3,95.7,54.9,76.9,94.7,76.9,65.9,84.8,97.2,81.2,78.2,73.2,81.8,80.0,97.3,88.6,99.9,79.1,85.6,85.4,82.5,89.3,92.7,89.8,86.2,83.1,87.0,44.8,72.7,95.0,83.5,99.0,60.0,46.9,86.0,85.7,59.0,67.2,93.2,96.6,100.0,72.3,83.2,66.9,92.4,83.8,91.7,58.0,83.5,63.3,82.9,95.3,74.6,94.4,62.5,54.0,31.0,93.2,87.1,49.6,93.0,61.1,78.1,20.2,85.2,57.2,52.7,84.3,85.7,50.0,77.8,94.1,71.4,58.0,74.7,90.9,79.8,61.1,76.0,67.7,57.1,98.8,100.0,59.0,76.5,97.1,71.0,77.2,80.0,95.0,67.3
dpp_C,73.8,12.0,73.7,56.1,75.4,34.7,77.2,80.8,54.8,78.0,83.0,100.0,61.6,58.0,79.8,46.8,78.8,69.2,43.5,59.7,77.0,55.8,47.4,61.5,95.2,48.4,45.4,82.4,97.9,75.0,84.2,96.7,57.8,57.5,85.1,75.4,52.2,76.9,97.0,53.9,85.3,70.7,79.4,72.4,80.0,87.7,81.1,51.5,59.7,75.8,82.3,71.0,87.3,54.3,85.9,73.7,46.0,6.0,71.5,84.4,80.6,86.5,87.5,50.9,75.2,76.3,52.5,53.2,93.8,51.1,100.0,72.7,80.4,56.7,88.8,60.3,53.2,54.6,69.4,47.8,49.8,83.1,20.7,63.3,40.6,38.8,33.0,60.0,74.2,55.3,85.8,56.2,86.6,29.0,55.0,34.9,77.3,69.8,84.2,62.5,65.1,77.8,46.7,50.7,55.1,53.5,64.9,64.8,76.0,31.8,3.6,52.4,89.2,52.9,70.2,61.6,68.6,71.1,57.8,93.0,59.8
